Order ID,Amount,Profit,Quantity,Category,Sub-Category,Discount
B-25796,"632,0",-316.0,6.0,Clothing,Saree,
B-25985,108.0,26.0,4.0,Clothing,Shirt,
B-25735,15.0,-7.0,1.0,Clothing,Hanky,
B-25797,413.0,-314.0,9.0,furniture,Chairs,
B-25929,216.0,-135.0%,3.0,Furniture,Chairs,
B-25994,196.0,-7.0,5.0,Electronics,Phones,
B-25656,13.0,-1.0,3.0,Clothing,Hankerchief,None
B-25961,366.0,84.0,3.0,Furniture,Bookcases,
B-25846,94.0,7.0,7.0,Cloth.,Leggings,
B-25967,229.0,59.0,9.0,Clothing,SAREE,
B-26081,24.0,11.0,3.0,Clothing,Hankerchief,
B-26099,₹2366.0,552.0,5.0,Clothing,Trousers,
B-25703,42.0,-23.0,2.0,Furniture,Furnishings,
B-25893,688.0,103.0%,6.0,Electronics,Accessories,
B-25858,2457.0 INR,665.0,11.0,ELECTRONICS,Electronic Games,
B-26051,600.0,102.0%,5.0,Electronics,Electronic Games,
B-25802,633.0,-633.0,11.0,Electronics,accessories,
B-25907,30.0,11.0,5.0,Clothing,Hankerchief,
B-25757,98.0,9.0,2.0,furniture,Furnishings,
B-25937,₹1101.0,352.0,3.0,Furniture,Bookcases,
B-25765,139.0,14.0,3.0,clothing,Stole,
B-25976,193.0,8.0,4.0,Clothing,T-shirt,
B-25825,140.0,6.0,5.0,Clothing,Saree,
B-25708,191.0,13.0%,8.0,Furniture,Furnishing,
B-25751,"43,0",-5.0,2.0,Clothing,Saree,15%
B-26100,828.0,230.0,2.0,Furniture,Chairs,
B-26040,38.0,9.0,2.0,Clothing,Stole,
B-25914,125.0,22.0%,3.0,Clothing,Stole,
B-26089,27.0,(4.0),1.0,Clothng,Hankerchief,
B-26096,140.0,(56.0),4.0,Clothing,Shirt,
B-25901,158.0,(38.0),3.0,Clothing,Hankerchief,15%
B-26070,₹75.0,29.0,1.0,Clothing,Trousers,
B-26007,311.0,72.0,2.0,Furn.,Bookcases,
B-25653,168.0,-10.0,3.0,electronics,Accessories,
B-25730,18.0,8.0,2.0,Clothing,HANKERCHIEF,
B-25755,1709.0,564.0%,3.0,Clothing,trouser,
B-25703,17.0,-3.0,2.0,Clothing,stole,
B-25850,117.0,36.0,2.0,Clothing,Trousers,
B-25985,₹197.0,20.0,4.0,Clothing,Kurti,
B-26034,425.0,183.0,5.0,Electornics,Accessories,
B-25996,62.0,6.0,6.0,Clothing,Skrts,
B-25800,122.0,-66.0,9.0,Electronics,ACCESSORIES,
B-26058,212.0,97.0,7.0,Clothing,Hankerchief,
B-25629,1560.0,421.0,3.0,Clothing,Trousers,
B-26050,32.0,6.0,3.0,Clothing,Shirts,
B-25751,43.0,21.0,3.0,Clothing,Shirt,
B-25954,₹146.0,66.0,1.0,Electronics,Phones,
B-25693,13.0,-13.0,2.0,Clothing,Skirt,
B-25703,186.0,-141.0,9.0,Clothing,Shirt,
B-25621,"333,0",-15.0,3.0,Electronics,Phones,
B-25807,16.0,(6.0),1.0,Clothing,Stole,
B-25751,534.0,5.0,2.0,Elect.,Electronic Games,
B-25683,₹155.0,56.0,-3.0,Furniture,Furnishings,
B-25778,109.0,-6.0,6.0,Clothing,Saree,
B-26076,133.0,46.0,5.0,Clothing,Shirt,
B-25834,16.0,5.0,1.0,Clothing,Stole,
B-25830,₹1063.0,64.0%,7.0,ELECTRONICS,Phones,
B-25901,61.0,28.0,2.0,Clothing,Hankerchief,
B-25803,185.0,48.0,4.0,clothing,Stole,
B-25983,161.0,-229.0,8.0,Furniture,Furnishings,
B-25621,233.0,-10.0,5.0,Electronics,Electronic Games,
B-25630,143.0,-129.0%,2.0,Electronics,Phones,
B-25701,33.0,-12.0,5.0,Clothing,Hankerchief,
B-25981,245.0,(91.0),2.0,Furniture,Bookcases,
B-26061,642.0,(180.0),5.0,Clothing,Saree,
B-25830,71.0,0.0,8.0,Clothing,SKIRT,
B-25933,207.0,-100.0,2.0,Clothing,Saree,
B-25874,124.0,54.0,5.0,Clothing,T-shirt,
B-25955,110.0,20.0,5.0,Clothing,STOLE,
B-25651,11.0,-4.0,2.0,Clothing,Skirt,
B-26098,82.0,8.0,3.0,Electronics,Accessories,
B-25796,₹239.0,(162.0),5.0,Furniture,Chairs,
B-25962,544.0,-152.0,3.0,Furniture,Bookcases,
B-26025,41.0,(19.0),5.0,Clothing,Hankerchief,
B-25956,474.0,56.0,4.0,Electronics,Phones,
B-25633,249.0,-130.0,4.0,Electronics,Phones,
B-25731,"131,0",-154.0,8.0,Furniture,Furnishings,
B-25883,105.0,26.0,8.0,Clothing,Leggings,
B-26086,762.0,(101.0),6.0,Electronics,Printers,
B-25685,45.0 INR,-2.0,4.0,Clothing,Shirt,
B-25967,119.0,-24.0,4.0,Furniture,Furnishings,None
B-25696,116.0,-4.0,1.0,Clothing,Saree,None
B-25749,1052.0,-82.0,3.0,Furniture,BOOKCASES,
B-25651,7.0,0.0,1.0,Clothing,Leggings,
B-25610,107.0,-54.0,4.0,clothing,Stole,
B-25685,51.0,7.0,2.0,Furniture,Furnishings,
B-25753,27.0,-20.0,2.0,Clothing,Hankerchief,
B-25656,₹24.0,-1.0%,2.0,Clothing,Hankerchief,
B-25628,24.0 INR,-9.0,4.0,Clothing,Sarees,
B-25735,7.0,-1.0,2.0,Clothng,Skirt,
B-25793,18.0,1.0,3.0,Clothing,Hankerchief,
B-25856,257.0 INR,3.0,2.0,Clothng,Saree,
B-26056,19.0,-18.0,4.0,Clothing,Kurti,
B-25863,₹189.0,(87.0),7.0,Clothing,stole,
B-25821,125.0,0.0,3.0,Electronics,accessories,
B-25889,114.0,11.0,4.0,Clothing,T-shirt,
B-25761,40.0,(0.0),3.0,Clothing,Saree,
B-26003,114.0,41.0,6.0,furniture,Furnishings,
B-26056,213.0,-145.0,3.0,Furniture,Bookcases,
B-25870,473.0,113.0,9.0,Clothing,HANKERCHIEF,
B-25959,637.0,212.0%,8.0,Electronics,Phones,
B-25929,154.0,-85.0,3.0,Furniture,Chairs,
B-26094,₹152.0,50.0,6.0,Clothing,Stole,
B-25977,74.0,29.0,3.0,Clothing,Stole,
B-25851,10.0,2.0,2.0,Clothing,Hankerchief,
B-25767,9.0,-9.0,2.0,Cloth.,Kurti,10%
B-26054,88.0,20.0,2.0,Clothing,Saree,
B-25995,"1314,0",342.0,3.0,furniture,Book Cases,
B-25617,305.0,-270.0,5.0,Electronics,Electronic Games,
B-25625,59.0,30.0,3.0,Clothing,Leggings,
B-26003,128.0,47.0,4.0,Clothing,Hankerchief,
B-25996,333.0,50.0,2.0,Electronics,Phones,
B-25608,476.0,0.0,3.0,Furniture,Chairs,
B-25773,24.0,-14.0,2.0,Clothing,saree,
B-25760,322.0,-193.0,5.0,Electronics,Printers,
B-26099,835.0 INR,267.0,5.0,Electronics,Phones,
B-25881,2115.0,23.0,5.0,Furniture,Chairs,
B-25956,140.0,28.0,2.0,electronics,Phones,
B-26087,40.0,10.0,2.0,Clothing,Stole,
B-25751,221.0,-15.0,2.0,Electronics,Electronic Games,
B-25913,₹103.0,(21.0),7.0,Clothing,stole,
B-25942,646.0,-23.0%,2.0,Electronics,Printers,
B-25650,28.0,-26.0,2.0,Clothing,Stole,
,,,,,,None
B-25818,36.0,0.0,4.0,Clothing,Kurti,
B-26048,1104.0,209.0,4.0,Clothing,Trousers,
B-25878,₹46.0,0.0,4.0,Clothing,Leggings,
B-25682,545.0,-73.0,11.0,Electronics,Phones,
B-25676,1263.0,-56.0,5.0,Clothing,Pants,
B-25858,22.0,8.0,3.0,Clothing,Hankerchief,
B-25855,442.0,(31.0),2.0,Elect.,Electronic Games,
B-26096,45.0,9.0,3.0,Clothing,Leggings,
B-25972,115.0,47.0,2.0,Electronics,Accessories,
B-25633,496.0 INR,-79.0,2.0,Clothing,Trousers,
B-25856,74.0,29.0,3.0,Clothing,Stole,
B-26061,27.0,8.0,2.0,Clothing,T-SHIRT,
B-25691,714.0,(56.0),4.0,Clothing,Saree,
B-25936,61.0,25.0,4.0,Clothing,Saree,
B-25603,12.0,1.0,2.0,clothing,Hankerchief,
B-25928,25.0,(10.0),1.0,Furniture,Furnishings,
B-25723,26.0,-24.0,1.0,Clothing,Stole,
B-25950,158.0,-29.0,10.0,Clothing,Hankerchief,
B-26083,43.0,8.0,3.0,Clothng,Leggings,
B-25761,418.0,70.0,7.0,Electronics,Phones,
B-25696,117.0,-6.0,3.0,Electronics,Mobile Phones,
B-25778,₹724.0,-447.0,4.0,Electronics,Electronic Games,
B-25885,94.0,27.0,2.0,Clothing,Shirt,
B-25781,25.0,-1.0,4.0,Clothing,Kurti,
B-25927,200.0 INR,7.0,4.0,Electronics,Electronic Games,
B-25981,62.0,8.0,2.0,Clothing,T-shirt,
B-25661,₹224.0,-81.0,3.0,Furniture,Chairs,
B-25667,516.0,69.0,4.0,Furniture,Bookcases,
B-25797,148.0,-101.0,2.0,Furn.,Bookcases,
B-25861,216.0,-83.0,3.0,Electronics,Electronic Games,
B-25898,₹53.0,5.0,3.0,Clothing,T-shirt,
B-25951,250.0,(100.0),3.0,Clothing,Trousers,
B-26033,111.0,(35.0),5.0,Clothing,Shirts,
B-25757,46.0,14.0,5.0,Clothng,Skrts,
B-25717,138.0,(3.0),5.0,Clothing,Saree,
B-25681,68.0,-27.0,3.0,Electronics,Accessories,
B-25954,27.0,0.0%,2.0,Clothing,Leggings,10%
B-25947,207.0,33.0,2.0,Electronics,Accessories,
B-25726,490.0,-128.0,8.0,Furniture,Bookcases,
B-25616,14.0,-2.0,3.0,Clothing,Hankerchief,
B-25750,73.0,-31.0%,1.0,Furniture,Bookcases,
B-25858,27.0,(5.0),2.0,Clothing,Skirt,
B-25850,₹45.0,1.0,3.0,clothing,TShirt,
B-25752,₹761.0,(266.0),9.0,Electronics,Electronic Games,
B-25645,273.0,-87.0,4.0,Electronics,Phones,
B-25648,100.0,-23.0,1.0,ELECTRONICS,Phones,
B-25787,229.0,-41.0,8.0,Elect.,Accessories,
B-26009,285.0,128.0,2.0,Electronics,Printes,
B-25698,"207,0",-153.0,3.0,Clothing,Saree,
B-25959,429.0 INR,17.0,3.0,Furniture,Chairs,
B-25800,45.0,12.0,7.0,Clothing,Hankerchief,
B-25910,1622.0,-624.0,5.0,Furniture,Table,
B-25953,87.0,36.0,5.0,Clothing,Stole,
B-25847,643.0,225.0,2.0,electronics,Printers,
B-25651,₹823.0,-18.0,7.0,Furniture,Chairs,
B-25851,237.0,47.0,9.0,Clothing,T-shirt,
B-25696,275.0,-275.0,4.0,Clothing,Saree,
B-25870,845.0,84.0,7.0,Clothing,Saree,
B-25904,871.0,131.0,2.0,Furnituer,Bookcases,
B-25964,89.0,6.0,5.0,CLOTHING,Saree,
B-25951,742.0,198.0,-2.0,Furniture,Bookcases,
B-25729,1549.0,-439.0,4.0,Electronics,Phones,
B-26053,246.0 INR,61.0,2.0,Furn.,Bookcases,
B-25610,₹43.0,0.0,3.0,Clothing,Saree,
B-25830,54.0,1.0,2.0,Clothing,Saree,
B-25845,274.0,-7.0,4.0,Elect.,Phones,
B-25803,511.0,194.0,3.0,Furniture,Chairs,
B-25754,19.0,0.0,3.0,Cloth.,Skrts,
B-25850,148.0 INR,24.0,3.0,Clothing,STOLE,
B-25790,₹42.0,-3.0%,1.0,Electronics,Electronic Games,
B-25897,43.0,5.0,3.0,Clothing,Stole,
B-25723,16.0,-12.0,2.0,Clothing,Stoles,
B-25841,22.0,(11.0),2.0,Clothing,Skirt,
B-26038,₹30.0,6.0%,1.0,Clothing,T-shirt,
B-25728,771.0,-424.0,2.0,Electronics,Phones,
B-25655,74.0,23.0,8.0,Clothing,Skirt,
B-25898,147.0,73.0,3.0,Clothing,Stole,
B-26050,₹382.0,92.0,2.0,Electronics,Printers,
B-25902,₹79.0,6.0,7.0,Clothing,Sarees,
B-25783,25.0,-11.0,1.0,Clothing,Stole,
B-25939,469.0,33.0,4.0,electronics,electronic games,
B-26019,585.0,175.0,13.0,Clothing,T-shirt,
B-25785,₹595.0,292.0,3.0,Clothing,Saree,
B-25781,30.0,-25.0%,2.0,Clothing,T-shirt,
B-25999,₹223.0,62.0,7.0,Clothing,Shirt,
B-25983,230.0,5.0,2.0,Clothing,Saree,
B-25663,₹294.0,138.0,2.0,Electronics,Printers,
B-25835,₹52.0,11.0,5.0,Clothing,Leggings,
B-25708,81.0,(51.0),7.0,clothing,Stoles,
B-25866,51.0,14.0%,2.0,Clothing,Stole,
B-25627,55.0,(39.0),4.0,Clothing,Stole,
B-25840,298.0,74.0,2.0,Furniture,Book Cases,
B-25683,245.0,-3.0,4.0,Electronics,PHONES,
B-25902,268.0,6.0,2.0,Furniture,Bookcases,
B-26055,1218.0,420.0,8.0,Furnituer,Bookcases,
B-25689,149.0,36.0,3.0,Clothing,Stole,
B-25778,"933,0",166.0,5.0,Clothing,Saree,
B-26001,₹13.0,0.0,2.0,Clothing,Hankerchief,None
B-25933,₹81.0,-44.0,3.0,Clothng,Stoles,
B-25666,934.0,(916.0),7.0,Electronics,Electronic Games,
B-26001,8.0,2.0,2.0,Clothing,Skirt,
B-25892,₹139.0,(30.0),3.0,Clothing,Shirt,
B-25796,28.0,1.0,1.0,Electronics,Accessories,5%
B-25947,290.0,35.0,6.0,Clothing,Handkerchief,
B-25675,929.0,-93.0,9.0,Clothing,Saree,
B-25787,₹556.0,-209.0,7.0,Clothng,SAREE,
B-25610,68.0,-55.0,5.0,Electronics,Accessories,
B-25623,₹105.0,20.0%,2.0,Clothing,Stole,
B-26099,207.0,(37.0),4.0,Clothing,hankerchief,
B-25898,499.0,33.0,4.0,Clothing,saree,
,73.0,-36.0,3.0,Furniture,chair,
B-25797,1630.0 INR,(802.0),5.0,Furniture,Table,
B-25893,355.0,114.0,7.0,Clothing,stole,
B-25755,134.0,-34.0,2.0,Furniture,Chairs,
B-25950,54.0,27.0,2.0,Clothing,Stole,
B-25888,223.0,(4.0),3.0,ELECTRONICS,Phones,
B-25928,122.0,15.0,3.0,Electronics,Accessories,
B-26056,220.0,40.0%,2.0,Electronics,Acces.,
B-25721,191.0,51.0%,5.0,Clothing,Shirt,None
B-26023,1117.0,447.0,10.0,Furniture,Bookcases,
B-25809,154.0,54.0,3.0,Clothing,Hankerchief,
B-25921,170.0 INR,19.0,5.0,Clothing,T-shirt,
B-25885,394.0 INR,146.0,2.0,Furniture,Bookcases,
B-25643,36.0,(7.0),1.0,Electronics,Electronic Games,
B-26050,169.0 INR,55.0,4.0,Clothing,Saree,
B-25700,129.0,(75.0),5.0,Clothing,SHIRT,
B-25603,24.0,-30.0,1.0,Furniture,Chairs,
B-25810,307.0,74.0,3.0,Electronics,Accessories,
B-26098,59.0,15.0,2.0,Clothing,T-shirt,
B-25935,1657.0,460.0,4.0,Furnituer,chair,
B-25952,14.0,0.0,4.0,Clothing,Hankerchief,
B-25823,104.0,2.0,2.0,Furniture,Furnishings,
B-25853,199.0,48.0,4.0,Clothing,Stole,
B-26052,15.0,1.0,1.0,Clothing,Shirt,
B-25751,32.0,7.0,3.0,Clothing,Hankerchief,
B-25989,44.0,14.0,3.0,CLOTHING,Hankerchief,
B-26091,158.0,69.0,3.0,Clothing,Stole,
B-26093,492.0,187.0,2.0,Electronics,Accessories,
B-25993,201.0 INR,(32.0),4.0,Furn.,Furnishings,
B-26089,59.0,24.0,6.0,Clothing,Kurtis,
B-25681,1096.0,-658.0,7.0,Electronics,electronic games,
B-25801,49.0,-31.0,2.0,Clothing,Stoles,
B-25930,595.0,119.0,4.0,Furniture,Bookcase,
B-26087,119.0,56.0,7.0,Clothing,Saree,
B-25693,72.0,(49.0),1.0,Electronics,Phones,
B-26030,291.0,93.0,2.0,Electronics,Printers,
B-25670,₹14.0,2.0,1.0,Clothing,Hanky,
B-25725,23.0,-5.0,7.0,Clothing,Hankerchief,
B-25742,11.0,-8.0,2.0,Clothing,Skirt,
B-26093,148.0,25.0,3.0,Clothing,Saree,
B-25625,97.0,29.0,2.0,Clothing,Hankerchief,
B-25702,"31,0",(3.0),4.0,clothing,Saree,
B-25965,17.0,7.0,3.0,Clothing,Hankerchief,
B-25751,68.0,(56.0),2.0,electronics,Mobile Phones,
B-25952,173.0,69.0,3.0,Furniture,Chairs,
B-26057,"54,0",(8.0),4.0,Clothing,T-shirt,
B-26003,498.0,-116.0,4.0,Clothing,Saree,
B-25715,416.0,137.0,3.0,Electronics,phone,
B-25973,4141.0,(1698.0),13.0,Electronics,Printers,
B-25759,20.0 INR,-9.0,6.0,Clothing,Hankerchief,
B-25989,338.0,41.0,7.0,Clothing,Hankerchief,
B-25877,1137.0,568.0,2.0,Clothing,Trousers,
B-25848,648.0,50.0,6.0,Electronics,Elec. Games,
B-25681,44.0,-3.0,1.0,Clothing,Saree,
B-26038,52.0 INR,(14.0),2.0,Clothing,Stole,
B-25664,83.0,-48.0%,1.0,Furniture,Book Cases,
B-26028,115.0,0.0,1.0,Electornics,Accessories,
B-25635,23.0,(2.0),2.0,Clothing,Skirt,
B-26071,21.0,4.0,3.0,Clothing,Hankerchief,
B-25721,149.0 INR,(40.0),2.0,Elect.,Phones,
B-25991,188.0,(13.0),7.0,Clothing,shirts,
B-25649,27.0,-25.0,2.0,Clothing,Stole,
B-26098,₹497.0,179.0,3.0,Furniture,Chairs,
B-25910,259.0,47.0,5.0,Clothing,Hankerchief,
B-25979,₹12.0,1.0,2.0,Clothing,Hankerchief,
B-25735,12.0,-2.0,3.0,Cloth.,Hankerchief,
B-26030,50.0,25.0,5.0,Clothing,Stole,
,32.0,1.0,2.0,Clothing,Stoles,
B-25800,21.0 INR,-6.0,3.0,Clothng,Leggings,
B-25902,1700.0,85.0,3.0,Clothing,Trousers,
B-25801,21.0,-10.0%,4.0,Clothing,Leggings,
B-25909,108.0,22.0%,3.0,Electronics,Accessories,
B-25974,662.0,240.0,2.0,Furniture,Bookcases,
B-25806,632.0,-114.0,4.0,Furniture,Tables,
B-25717,₹55.0,-33.0,2.0,Furniture,Chairs,
B-26099,9.0,3.0,1.0,Clothing,Skirt,
B-25952,935.0,114.0,4.0,Electronics,Electronic Games,
B-26006,1301.0,573.0,5.0,Electronics,Accessories,
B-26061,508.0,203.0,2.0,Electronics,Accessories,
B-25752,76.0,27.0,5.0,Clothing,stole,
B-26016,134.0,-13.0,3.0,Electronics,Electronic Games,
B-25751,65.0 INR,-4.0,6.0,Clothing,Hankerchief,
B-25811,126.0,52.0,4.0,Clothing,Hankerchief,
B-25993,221.0,26.0,7.0,Furniture,Furnishings,
B-26051,85.0 INR,24.0,10.0,Clothing,Hankerchief,
B-26008,10.0,-1.0,1.0,Clothing,Saree,10%
B-25945,245.0 INR,10.0,2.0,Furniture,Bookcases,
B-25687,387.0,-213.0,5.0,Clothing,Saree,
B-25967,17.0,2.0,2.0,Clothing,Skirt,
B-25746,87.0,(16.0),2.0,Clothing,Saree,
B-25891,97.0,36.0,7.0,Clothing,Hankerchief,
B-25831,693.0,254.0,6.0,Clothing,SAREE,
B-25954,"148,0",9.0,1.0,Electronics,Electronic Games,
B-25710,53.0,-18.0,4.0,Clothing,T-shirt,
B-25952,147.0,48.0%,3.0,Clothing,Saree,
B-25638,880.0,97.0,8.0,Furniture,Furnishings,
B-26078,557.0,111.0,2.0,Electronics,ELECTRONIC GAMES,
B-25693,76.0,-72.0,9.0,Clothing,Hankerchief,
B-25698,87.0,-83.0,5.0,Clothing,kurti,
B-26098,96.0,48.0,5.0,Clothing,Leggings,
B-26100,72.0,16.0,2.0,Clothing,Shirt,
B-26017,78.0,7.0,1.0,Furniture,Chairs,
B-25993,4363.0,305.0,5.0,Furniture,Tables,
B-25750,42.0,-15.0,12.0,Clothing,Skirt,
B-25973,79.0,39.0,2.0,Clothing,Shirt,
B-25676,674.0 INR,-187.0,2.0,Furniture,Tables,
B-25650,211.0,-105.0,2.0,Clothing,Saree,
B-25854,381.0 INR,144.0,2.0,Clothing,Saree,
B-25798,448.0,148.0%,2.0,Electronics,Printers,
B-25656,651.0,169.0,5.0,Electronics,printer,
B-25885,349.0,0.0,7.0,Clothing,Stole,
B-25962,260.0,(68.0),2.0,Electronics,Printers,
B-25997,16.0,6.0,3.0,Clothing,Hankerchief,
B-25953,116.0,22.0,1.0,Electronics,Accessories,
B-25940,55.0,(4.0),2.0,Clothing,Stole,
B-25697,322.0,-193.0,5.0,Electronics,Printers,
B-25896,31.0,11.0,3.0,Clothing,skirts,
B-26054,₹138.0,11.0,5.0,Clothing,Stole,
B-26001,149.0,17.0,4.0,Furniture,Furnishings,
B-25610,781.0,-594.0,6.0,Electronics,Printers,
B-26053,₹27.0,6.0%,3.0,Clothing,Skirt,
B-25671,832.0,0.0%,3.0,Clothing,Trousers,
B-25952,352.0,(18.0),5.0,Clothing,Trousers,
B-25851,103.0,46.0,2.0,Clothing,Saree,
B-26045,376.0,0.0%,7.0,Clothing,Stole,
B-25751,14.0,-3.0,2.0,clothing,Leggings,
B-25916,80.0,26.0,9.0,Clothing,Skirt,
B-25909,1622.0,248.0,3.0,Electronics,Phones,15%
B-25870,10.0 INR,4.0,1.0,Cloth.,Kurti,
B-25661,7.0,-1.0,2.0,Cloth.,Hankerchief,
B-25961,26.0,3.0,3.0,Cloth.,Skirt,
B-25919,₹110.0,12.0,7.0,Clothing,Stole,
B-25764,765.0 INR,-153.0,2.0,Electronics,PHONES,
B-25756,₹465.0,-33.0,4.0,Electronics,phone,
B-26070,582.0,262.0,5.0,Furniture,Furnishings,
B-25903,455.0,(77.0),8.0,Electronics,ACCESSORIES,
B-25636,637.0,113.0,5.0,Clothing,Saree,
B-25833,36.0,4.0,9.0,Clothing,Hankerchief,
B-25620,₹193.0,46.0,1.0,Electronics,Printers,
B-25977,₹27.0,1.0%,1.0,clothing,Stole,
B-25655,44.0,-26.0,3.0,Clothing,Hankerchief,
B-26022,1824.0,-1303.0,8.0,Electronics,Phones,
B-25985,32.0,8.0,5.0,Clothing,Hankerchief,
B-25781,45.0,-28.0,2.0,Clothing,Stole,
B-25955,2927.0,146.0,8.0,Furniture,Bookcases,
B-25873,367.0,73.0,3.0,Electronics,Electronic Games,
B-26011,93.0,44.0,2.0,Clothing,Stole,
B-26097,671.0,-309.0,5.0,Electronics,Electronic Games,
B-25777,59.0,(46.0),7.0,CLOTHING,T-shirt,
B-25657,288.0,-180.0,4.0,Furniture,Chairs,
B-25989,"10,0",5.0,1.0,Clothing,Stole,
B-26021,21.0,(12.0),3.0,Clothing,Hankerchief,
B-25750,₹539.0,-146.0,7.0,Furniture,Furnishings,
B-26067,67.0,2.0,4.0,Clothng,T-shirt,
B-25978,341.0,160.0,7.0,Clothing,Stole,
,327.0,114.0,4.0,CLOTHING,Trousers,
B-25997,231.0,99.0,2.0,Electronics,Electronic Games,
B-26001,50.0,9.0,6.0,Clothing,Skirt,
B-25718,460.0,31.0,3.0,Furniture,Bookcases,
B-25853,2093.0,721.0,5.0,Furniture,Chairs,
B-25959,₹82.0,(24.0),6.0,Clothing,Hankerchief,
B-26051,216.0,50.0,4.0,clothing,Stole,10%
B-25764,"119,0",43.0,5.0,Clothing,T-shirt,
B-25993,₹414.0,199.0,3.0,Electronics,Phones,
B-25798,47.0,-3.0,2.0,Clothing,Stoles,
B-25903,336.0,57.0,2.0,Electronics,Phones,
B-25684,134.0,(42.0),2.0,Furniture,chair,
B-25871,118.0,(25.0),4.0,Clothing,Hankerchief,
B-25784,15.0,4.0,1.0,Clothing,Hankerchief,
B-25949,140.0,57.0,2.0,Clothing,Trousers,
B-25900,140.0,68.0,5.0,CLOTHING,t-shirt,
B-25750,22.0,-12.0,3.0,Clothing,Stole,
B-26078,44.0,20.0,2.0,Clothing,T-SHIRT,
B-25786,17.0,-11.0,3.0,Clothing,Skirt,
B-25702,306.0,-147.0%,3.0,Clothing,Saree,
B-25898,171.0,2.0,2.0,Electronics,Electronic Games,
B-25743,74.0,-51.0,3.0,Clothing,Stole,
B-25730,96.0,22.0,5.0,Clothing,Stole,
B-25623,158.0,(69.0),3.0,Clothing,Stole,
B-25791,"253,0",-63.0,2.0,Clothing,Saree,
B-26039,83.0,34.0,5.0,Clothing,Shirt,
B-25703,₹231.0,-190.0,9.0,Clothing,Hankerchief,
B-26061,206.0,12.0,1.0,ELECTRONICS,Printers,
B-25648,55.0,-26.0,4.0,Clothing,Saree,
B-25962,312.0,62.0,1.0,Electronics,Electronic Games,
B-25946,146.0,7.0,2.0,Electronics,Phones,
B-25644,76.0,-92.0,8.0,Furniture,Furnishings,5%
B-25754,319.0,-312.0,5.0,Clothing,Saree,
B-25986,71.0,4.0,5.0,Clothing,Leggings,
B-26059,20.0,6.0,1.0,Clothing,T-shirt,
B-25693,0,-316.0%,6.0,Clothing,Saree,
B-25859,724.0,253.0,2.0,Furniture,Bookcase,
B-25699,₹21.0,-5.0,1.0,Electronics,Acces.,
B-25954,44.0,10.0,3.0,Clothing,Stole,
B-25922,₹52.0,18.0%,2.0,Clothing,stole,
B-25845,₹132.0,54.0,5.0,Clothing,STOLE,
B-25925,27.0,12.0,1.0,Clothing,Stole,
B-25733,30.0 INR,-10.0,2.0,Clothing,Stole,
B-25697,115.0 INR,-39.0,3.0,Clothing,Trousers,
B-26085,86.0,22.0,2.0,Clothing,Saree,
B-25852,₹869.0,67.0,4.0,FURNITURE,Tables,
B-25651,172.0,(103.0),3.0,Furniture,Chairs,
B-25709,41.0,-6.0,1.0,Furniture,Chairs,
B-25698,65.0,-16.0,2.0,Electronics,Phones,
B-25996,286.0,140.0,6.0,Clothing,Shirt,
B-25953,44.0,2.0,3.0,Clothing,Hankerchief,
B-25757,17.0,7.0,3.0,Clothng,Hanky,
B-25723,12.0,-7.0,2.0,Clothing,Leggings,
B-25656,"406,0",126.0,2.0,Clothing,saree,
B-25886,502.0,84.0,4.0,Electronics,Phones,
B-25858,16.0,0.0,1.0,Clothing,Saree,
B-25810,26.0,10.0,4.0,Clothing,Hankerchief,
B-25670,656.0,-36.0,2.0,Furniture,Bookcases,
B-25999,129.0,11.0,2.0,Electronics,Phones,
B-26009,195.0,12.0,9.0,Clothing,Shirt,
B-25653,427.0,-50.0%,7.0,Electronics,Phones,
B-25961,48.0,16.0,3.0,Clothing,Shirt,
B-25943,1547.0,340.0,6.0,Electronics,Accessories,
B-25918,244.0,122.0,5.0,furniture,Furnishings,
B-25999,770.0,323.0,3.0,Electronics,Accessories,
B-25938,"59,0",25.0,3.0,Clothing,Stole,
B-25762,27.0,4.0%,3.0,Clothng,Skirt,
B-25779,1361.0,-980.0,3.0,Furniture,Tables,
B-25667,11.0,-2.0,4.0,Clothing,Hankerchief,
B-26085,40.0,17.0,2.0,Clothing,stole,
B-25989,42.0 INR,15.0,1.0,Electronics,Accessories,
B-25850,"52,0",18.0%,5.0,Clothing,Leggings,
B-26000,597.0,93.0,4.0,Furniture,Chairs,
B-25798,38.0,-13.0,3.0,CLOTHING,Stole,
B-25603,24.0,-30.0,1.0,Furniture,Chairs,
B-25654,34.0,12.0,3.0,Clothing,Hankerchief,
B-25851,90.0,29.0,5.0,Clothng,T-shirt,
B-25697,4.0,-3.0,1.0,Clothing,Skirt,
B-25700,44.0,-32.0,3.0,CLOTHING,Stole,
B-25804,321.0,26.0,3.0,Electronics,Printers,
B-25698,7.0,-2.0,1.0,Clothing,Hankerchief,
B-25773,85.0,(9.0),4.0,Clothng,Saree,
B-25844,86.0,8.0%,2.0,Clothing,SAREE,None
B-25954,891.0,0.0,5.0,Clothing,Saree,
B-26045,₹27.0,5.0,1.0,Clothing,stole,
B-25770,375.0,180.0,3.0,Furniture,Bookcases,
B-25651,23.0,4.0,1.0,Clothing,Sarees,
B-25797,₹89.0,-4.0,5.0,Clothing,Saree,
B-25710,25.0,0.0,4.0,Clothing,Skirt,
B-25708,"709,0",-100.0,5.0,Electronics,Phones,
B-26093,33.0,-1.0,1.0,Clothing,Saree,
B-25941,177.0,41.0,4.0,Clothing,Shirt,
B-25793,63.0,-24.0,6.0,Clothing,KURTI,
B-25652,21.0,(13.0),3.0,Clothing,Leggings,
B-25970,203.0,84.0%,2.0,Electronics,Printers,
B-25805,112.0,15.0,2.0,Furniture,Chairs,
B-25983,50.0,-4.0,6.0,Clothing,T-shirt,
B-25752,8.0,-2.0,2.0,Clothing,Hankerchief,
B-25828,₹15.0,2.0,1.0,Clothing,Leggings,
B-26074,57.0 INR,21.0,4.0,Clothing,Leggings,
B-25810,"1120,0",199.0,6.0,Clothing,Saree,
B-25847,264.0,71.0,10.0,Furniture,Furnishings,
B-25655,97.0,-62.0,2.0,Clothing,Trousers,
B-25951,50.0,14.0%,1.0,Electronics,Electronic Games,
B-26043,30.0,12.0,3.0,Clothing,Skrts,
B-25968,811.0,154.0,7.0,Electronics,Accessories,
B-25722,₹48.0,-8.0,8.0,Clothing,Stole,
B-26052,₹25.0,7.0,2.0,Clothing,Stole,
B-26045,302.0,75.0,6.0,Furnituer,furnishings,
B-26054,559.0,174.0,2.0,Electornics,Electronic Games,
B-25793,60.0,(12.0),4.0,Clothing,Hankerchief,
B-25799,70.0,-64.0,5.0,Clothing,Stoles,
B-25973,₹571.0,108.0,12.0,Clothing,Stole,
B-25664,258.0 INR,-27.0,2.0,Electronics,Phones,
B-26018,326.0,107.0,3.0,Furniture,Furnishings,
B-25930,₹40.0,13.0,3.0,Clothing,T-shirt,
B-25753,62.0,-56.0,5.0,Clothing,Kurti,
B-25748,47.0,-21.0,2.0,Electronics,Electronic Games,
B-25821,60.0,21.0,4.0,Clothing,Stole,
B-26083,143.0,6.0,2.0,Electronics,Accessories,
B-25643,₹50.0,-44.0,2.0,CLOTHING,Hankerchief,
B-25798,2830.0,-1981.0,13.0,Furniture,Bookcases,
B-26005,87.0,10.0,3.0,Clothing,Stole,
B-25655,7.0 INR,-4.0,3.0,Clothing,hankerchief,
B-25750,19.0,-1.0,1.0,Clothing,Shirt,
B-26053,594.0,89.0,3.0,Furniture,Bookcase,
B-25757,14.0,(5.0),1.0,Clothing,HANKERCHIEF,
B-25803,757.0,371.0,2.0,Electronics,Printers,
B-26056,70.0,24.0,3.0,Clothing,Stole,
B-25919,28.0,4.0,1.0,Clothing,T-shirt,
B-25754,72.0,-46.0,7.0,Clothing,Kurti,
B-25657,332.0,-43.0,6.0,Electronics,Phones,
B-25740,40.0 INR,-37.0,3.0,Clothing,Stole,
B-26043,185.0,48.0,4.0,Clothing,Stole,
B-25956,33.0 INR,10.0,3.0,Clothing,Hankerchief,
B-26018,61.0,8.0%,4.0,Clothing,Hankerchief,
B-26097,185.0,-26.0%,6.0,Furniture,Chairs,
B-25813,911.0,202.0,7.0,Furniture,Chairs,
B-26031,67.0 INR,9.0%,4.0,Clothing,Leggings,
B-25951,89.0 INR,29.0,2.0,Clothing,Stole,
B-25864,100.0 INR,6.0,4.0,Clothing,Stole,
B-26052,145.0,0.0,3.0,Clothing,Saree,
B-25826,637.0,261.0,2.0,Electronics,PRINTERS,
B-25699,49.0,-31.0%,2.0,Clothing,Stole,
B-25786,1854.0,433.0,5.0,Furniture,Bookcases,
B-26015,128.0,55.0,1.0,Clothing,Saree,
B-25638,₹816.0,-96.0,3.0,ELECTRONICS,printer,
B-25938,61.0,1.0,2.0,Furniture,Furnishings,
B-25914,460.0,143.0,3.0,Furnituer,Chairs,
B-25803,269.0,91.0,1.0,Electronics,Elec. Games,
B-25828,128.0,-3.0,3.0,Clothing,Saree,
B-26064,75.0,2.0,5.0,Clothing,Leggings,
B-26080,109.0 INR,35.0,6.0,Clothing,T-shirt,
B-26050,38.0,9.0,2.0,Clothing,stole,
B-25698,516.0,-392.0,8.0,Furniture,Chairs ,
B-26077,₹62.0,11.0,7.0,clothing,Hankerchief,
B-26087,311.0,40.0,1.0,Electronics,Electronic Games,
B-25720,30.0,-35.0,1.0,Furniture,Chairs ,
B-25833,45.0,16.0,3.0,Clothing,Stole,
B-26075,34.0,12.0,2.0,Cloth.,STOLE,
B-25964,₹346.0,108.0,3.0,Furniture,Chairs,
B-25881,2244.0,247.0,4.0,Cloth.,Pants,
B-26053,425.0,208.0,7.0,Clothing,Saree,
B-25755,321.0,-315.0,5.0,Clothing,saree,
B-25732,16.0,-5.0,2.0,clothing,Stole,10%
B-25710,13.0,(8.0),1.0,Clothing,T-shirt,
B-25855,197.0,73.0,1.0,Furn.,Bookcase,
B-26051,1337.0,147.0,7.0,Electronics,Printers,
B-25949,24.0,11.0,3.0,Clothing,Hanky,
B-26064,122.0,(38.0),6.0,Clothing,T-shirt,
B-25793,1402.0,109.0,11.0,Clothing,Saree,
B-25710,₹216.0,-38.0,6.0,FURNITURE,Furnishings,
B-25704,102.0,0.0,3.0,Electronics,Phones,
B-26010,85.0,13.0,2.0,Clothing,Shirt,
B-26057,₹736.0,346.0,5.0,Electronics,Printes,
B-25603,180.0,5.0,3.0,Clothing,Trousers,
B-25656,624.0,(37.0),2.0,Electronics,Electronic Games,
B-25690,31.0 INR,10.0,3.0,Clothing,Skirt,
B-25878,140.0,15.0%,5.0,Clothing,Stole,
B-25893,"149,0",15.0,3.0,Clothing,Saree,
B-25868,170.0,73.0,2.0,Electronics,Accessories,
B-25653,1279.0,-640.0,8.0,Electronics,Printers,
B-25786,623.0,(192.0),3.0,Furniture,Tables,
B-25804,156.0,36.0,5.0,Clothing,Tee,
B-25887,83.0,6.0,6.0,Clothing,Shirt,
B-25891,25.0,2.0,2.0,Clothing,Hankerchief,
B-25789,313.0,(13.0),5.0,Furniture,Bookcases,
B-25653,28.0,-3.0,2.0,Clothing,Saree,
B-26050,166.0,27.0,2.0,Electronics,Accessories,
B-25896,23.0,4.0,2.0,Clothing,Skirt,
B-25677,₹20.0,-2.0%,1.0,Electronics,ACCESSORIES,
B-26065,146.0,19.0,5.0,Clothing,Stole,
B-25748,8.0,-1.0,2.0,CLOTHING,Leggings,
B-25708,32.0 INR,-8.0,2.0,Clothing,Stole,15%
B-25700,7.0 INR,-3.0,2.0,Clothing,Hankerchief,
B-25898,857.0,274.0,2.0,Furniture,Tables,
B-25853,₹95.0,11.0,4.0,Furniture,Furnishings,
B-26002,80.0,22.0%,3.0,Clothing,Stole,
B-26098,46.0,14.0,5.0,Clothing,Skirt,
B-26008,206.0,51.0,4.0,Clothing,Hankerchief,
B-26003,652.0,13.0,6.0,Furniture,FURNISHINGS,
B-25795,276.0,-21.0,2.0,Electornics,Phones,
B-25767,48.0,-22.0,2.0,Clothing,Saree,
B-26043,122.0,50.0,7.0,CLOTHING,Stoles,
B-25601,80.0,-56.0,4.0,Electronics,Electronic Games,
B-25904,"83,0",(12.0),2.0,Furniture,Chairs,
B-25756,729.0,-492.0,5.0,Furniture,Bookcases,
B-25707,8.0,-6.0,1.0,Clothing,Stole,
B-25602,424.0,-272.0,5.0,Electronics,Phones,
B-26076,19.0,(4.0),2.0,Clothing,Saree,
B-25785,26.0,-25.0,3.0,Clothng,Saree,
B-25855,829.0,19.0,4.0,Electronics,Printers,
B-25615,68.0 INR,20.0,5.0,Clothing,Hankerchief,
B-25783,26.0,2.0,2.0,Clothing,Hankerchief,
B-25683,86.0,-55.0,6.0,Clothing,Saree,
B-25652,₹34.0,-6.0,4.0,Clothing,Leggings,
B-25802,23.0,-3.0,1.0,Clothing,SHIRT,
B-25873,66.0,12.0%,3.0,Clothing,Stole,
B-25999,51.0,-49.0,2.0,Electronics,Electronic Games,
B-25959,252.0,56.0,2.0,Electronics,Phones,
B-26056,31.0,9.0,2.0,Clothing,Hankerchief,
B-25797,976.0,293.0,4.0,Electronics,Accessories,
B-26097,₹97.0,12.0,2.0,Clothing,Hankerchief,
B-25870,₹57.0,7.0,3.0,Furniture,Furnishings,
B-26064,"61,0",3.0,4.0,Clothing,Hankerchief,
B-25733,₹43.0,-43.0,7.0,Clothing,Stole,
B-25703,97.0,-45.0,4.0,Clothing,Saree,
B-25753,341.0 INR,-85.0,6.0,Cloth.,Trousers,
B-25705,46.0,0.0,2.0,Electronics,Elec. Games,
B-25872,57.0,27.0,2.0,Clothing,Shirt,
B-25867,"31,0",14.0,3.0,Clothing,Stole,
B-25982,13.0,3.0,1.0,Clothing,Leggings,
B-25751,₹106.0,0.0,2.0,Electronics,Phones,
B-25787,40.0,-12.0,3.0,Clothing,Shirt,
B-25799,47.0,(27.0),4.0,Clothing,Saree,
B-25901,"90,0",27.0,2.0,Clothing,T-shirt,
B-25930,202.0,89.0,9.0,Clothing,T-shirt,
B-25954,189.0,60.0,4.0,Furniture,Furnishings,
B-26008,22.0 INR,4.0,1.0,Clothing,Stole,
B-25821,17.0 INR,0.0,1.0,Clothing,Hankerchief,10%
B-25678,327.0,-39.0,1.0,Electronics,Phones,
B-25850,₹485.0,(199.0),4.0,Clothing,Saree,
B-25873,₹42.0,12.0,2.0,Clothing,Kurti,
B-25939,0,18.0,2.0,Electronics,Accessories,
B-25842,1543.0,370.0,8.0,Electronics,Printers,
B-25628,35.0,-8.0,2.0,Furniture,Furnishings,
B-25741,482.0,-6.0,7.0,Electronics,Electronic Games,
B-25796,559.0,-19.0,2.0,Clothing,Trousers,
B-25943,149.0,15.0,3.0,Clothing,Saree,
B-25672,27.0,-15.0,1.0,clothing,Stole,
B-25992,141.0,41.0,3.0,Clothing,Shirt,
B-25861,56.0,18.0,2.0,Clothing,Hankerchief,
B-25781,₹584.0,-444.0,7.0,Electronics,Printers,
B-25851,300.0,42.0,2.0,Electronics,Printers,
B-25889,119.0 INR,43.0,7.0,Clothing,Kurti,
B-25638,"182,0",-11.0,3.0,Furniture,Bookcases,
B-26055,227.0,48.0,5.0,Clothing,Stole,
B-25694,₹167.0,43.0,7.0,Clothing,T-shirt,
B-25909,168.0 INR,56.0,3.0,Clothing,Saree,
B-26052,78.0,28.0,6.0,Clothng,Kurti,
B-26055,5729.0,64.0,14.0,Furniture,Chairs,
B-25810,45.0,(6.0),3.0,Cloth.,shirts,
B-25952,"44,0",14.0,3.0,clothing,Hankerchief,
B-26069,55.0,18.0,2.0,Clothing,Kurti,
B-25945,765.0,-36.0,3.0,Electronics,Electronic Games,
B-25695,171.0 INR,14.0,9.0,Clothing,Shirt,
B-25951,₹120.0,23.0,5.0,Clothing,Stoles,
B-25727,57.0,-48.0,6.0,Clothing,Leggings,
B-25808,63.0,17.0,6.0,Clothing,Leggings,
B-25601,8.0,-2.0,3.0,Clothing,Hanky,
B-25602,2617.0,1151.0,4.0,Electronics,Phones,
B-25703,32.0,-5.0,5.0,Clothing,Hankerchief,
B-25830,41.0,11.0,6.0,clothing,Hankerchief,
B-25919,1599.0,37.0,6.0,Electronics,Electronic Games,
B-26097,39.0,18.0,2.0,Clothing,Legging,
B-25673,16.0,-1.0,1.0,Clothing,Sarees,
B-25956,59.0,10.0,2.0,Clothing,Hankerchief,
B-25609,25.0,(5.0),4.0,clothing,Saree,
B-26067,618.0,27.0,4.0,Furniture,Bookcases,
B-25895,388.0,(93.0),2.0,Furniture,Bookcases,
B-25835,155.0,26.0,3.0,Clothing,Stole,
B-25814,462.0,169.0,4.0,Clothing,Saree,
B-25855,90.0,17.0,3.0,Clothing,Hankerchief,
B-25986,918.0,22.0,9.0,Electronics,ELECTRONIC GAMES,
B-25808,₹59.0,21.0,2.0,Clothing,stole,
B-26095,6.0,1.0,1.0,Clothing,Kurtis,
B-25688,₹352.0,-345.0,5.0,Clothing,Saree,
B-25608,856.0,385.0,6.0,Electronics,Printers,None
B-25713,₹158.0,-63.0%,4.0,Furniture,Chairs,
B-25794,176.0 INR,37.0,6.0,ELECTRONICS,Accessories,
B-25619,353.0,90.0,8.0,Clothing,Saree,
B-25647,42.0,-6.0,4.0,Clothing,Saree,
B-25721,29.0,-18.0,7.0,Clothing,Skirt,
B-25623,149.0,-87.0,4.0,Clothing,Saree,
B-26085,"1487,0",624.0,3.0,Clothing,Trousers,
B-25673,44.0,-17.0,5.0,Clothing,Saree,
B-25650,₹269.0,111.0,3.0,Clothing,Trousers,
B-26081,359.0,(338.0),5.0,Furniture,Bookcases,
B-25853,19.0 INR,6.0,2.0,Clothing,Saree,
B-25630,₹34.0,(22.0),4.0,CLOTHING,T-shirt,
B-25861,62.0,6.0,5.0,Clothing,Hankerchief,
B-25955,1716.0,309.0,7.0,Electronics,Accessories,
B-25618,362.0,(127.0),1.0,Furniture,Bookcases,
B-26030,11.0,(5.0),1.0,Clothing,Skirt,
B-25777,117.0,17.0,6.0,Clothing,Kurti,
B-25910,850.0,289.0,5.0,Electronics,electronic games,
B-25864,27.0,9.0,2.0,Clothing,Hankerchief,
B-26056,₹391.0,(90.0),6.0,Electronics,Phones,
B-25876,282.0 INR,(14.0),4.0,Clothing,Trousers,
B-25781,767.0 INR,-353.0,5.0,Clothing,Trousers,
B-25983,561.0,118.0,5.0,Furniture,Bookcases,
B-25801,15.0,(2.0),1.0,Clothing,T-shirt,
B-25756,643.0,-45.0,2.0,Electronics,printer,
B-26014,406.0,97.0,7.0,Furniture,Chairs,
B-26036,341.0,44.0,7.0,Furniture,Furnishings,
B-25860,"112,0",24.0,3.0,Clothing,Kurti,
B-26083,45.0,17.0%,1.0,Electronics,Accessories,
B-25625,635.0,-349.0,5.0,Clothing,Saree,
B-25899,22.0,9.0,2.0,Clothing,LEGGINGS,
B-25640,122.0,-47.0,4.0,Clothing,Saree,
B-25828,222.0,(35.0),5.0,Clothing,Saree,
B-25849,336.0,(123.0),3.0,Electronics,phone,
B-25664,785.0,52.0,2.0,Electronics,Phones,
B-25697,₹114.0,8.0%,3.0,Electronics,Accessories,
B-25843,50.0,7.0,6.0,Clothing,Skirt,
B-25725,26.0,-5.0,2.0,Cloth.,Stole,
B-25776,47.0,-20.0,2.0,Clothing,Kurtis,
B-25875,248.0,8.0,2.0,Clothing,Saree,
,,,,,,
B-25660,245.0 INR,-78.0%,3.0,Clothing,Saree,
B-25952,₹87.0,32.0,9.0,Clothing,Skirt,
B-25648,130.0,-41.0,4.0,Clothing,Saree,
B-25616,22.0,-2.0%,3.0,Clothing,Hanky,
B-25908,179.0,25.0,5.0,Clothng,Kurti,
B-25668,"123,0",17.0,3.0,Furniture,Furnishings,
B-25991,13.0,5.0,2.0,Clothng,Handkerchief,
B-25622,534.0 INR,0.0,3.0,Clothing,Saree,
B-25785,45.0,0.0,2.0,Clothing,T-shirt,
B-25944,₹169.0,38.0,3.0,Clothing,Saree,None
B-26066,86.0,22.0,2.0,Clothing,Saree,
B-26035,₹291.0,119.0,11.0,Clothing,Saree,
B-25855,61.0,30.0,2.0,Clothing,Hankerchief,
B-25661,19.0,-15.0,3.0,Clothing,Hankerchief,
B-25652,9.0,-6.0,2.0,Clothing,Hankerchief,
B-25934,105.0,33.0,6.0,Clothing,Saree,
B-25635,₹40.0,16.0,3.0,Clothing,Hankerchief,
B-26004,147.0,44.0,3.0,Clothng,Saree,
B-25646,20.0,-8.0,2.0,Clothing,Saree,
B-25783,21.0,-17.0,3.0,Clothing,Shirt,
B-25853,128.0,4.0,3.0,Clothing,Saree,
B-25758,₹8.0,-2.0,1.0,Clothing,Stole,
B-25656,30.0,-5.0,5.0,Clothing,Stole,
B-25686,₹381.0,-13.0,2.0,Clothing,Sarees,
B-25702,941.0,-203.0,3.0,Furniture,Tables,
B-25753,77.0,-43.0,8.0,Clothing,Stole,
B-25854,₹40.0,16.0,3.0,Clothng,Hankerchief,
B-25711,100.0,-58.0,4.0,Clothing,Hankerchief,
B-25643,37.0,-23.0,4.0,Clothing,Shirt,
B-25856,"10,0",(2.0),2.0,Clothing,Skirt,
B-25852,105.0,33.0,5.0,Clothing,Kurti,
B-25884,24.0,2.0,4.0,Clothing,Hankerchief,
B-25921,84.0,-42.0,2.0,Electronics,Accessories,None
B-25645,"86,0",0.0,4.0,Clothing,T-shirt,
B-25752,91.0,15.0%,6.0,Cloth.,TShirt,
B-25631,89.0,-89.0,2.0,Furniture,FURNISHINGS,
B-26053,162.0,55.0,3.0,Clothing,Stole,
B-26035,520.0,151.0,3.0,Electronics,Phones,
B-26056,47.0 INR,20.0,7.0,Clothing,Hankerchief,
B-25701,98.0,-45.0,2.0,Furniture,Chairs,
B-26030,92.0,5.0,6.0,Clothing,Hankerchief,
,527.0,26.0,3.0,Electronics,Electronic Games,
B-25852,45.0,12.0,4.0,Clothing,Hankerchief,
B-25738,148.0,-91.0,2.0,Electronics,Phones,
B-25681,1625.0,-77.0,3.0,Electronics,PHONES,
B-26021,49.0,21.0,1.0,Clothing,Stole,5%
B-25693,32.0,-16.0,6.0,Clothing,saree,
B-25702,424.0,-17.0,9.0,Furniture,Chairs,
B-25650,925.0 INR,(447.0),5.0,Electronics,Electronic Games,
B-26003,₹17.0,2.0,2.0,Clothing,Skirt,
B-25830,1954.0,782.0,3.0,electronics,Phones,
B-25686,332.0,-503.0,3.0,Electronics,Printers,
B-25966,510.0,(234.0),6.0,Elect.,Electronic Games,
B-25961,34.0,-12.0,5.0,Cloth.,Leggings,
B-25630,40.0,-7.0,3.0,Clothing,Stole,
B-25642,434.0,26.0,11.0,Clothing,Shirt,
B-26049,100.0,28.0,2.0,Clothing,Hankerchief,
B-25610,30.0,-5.0,2.0,FURNITURE,Furnishing,
B-25969,171.0 INR,17.0,6.0,Clothing,T-shirt,
B-25754,₹41.0,-14.0%,5.0,Clothing,Leggings,
B-25753,620.0,82.0,6.0,Electronics,Accessories,
B-25857,227.0,59.0,2.0,Furniture,Furnishings,
B-25850,24.0,1.0,4.0,Clothing,Hankerchief,
B-25903,19.0 INR,8.0%,2.0,Clothing,Hankerchief,
B-25986,749.0,307.0%,7.0,Furniture,Furnishings,
B-25902,154.0,26.0,4.0,Electronics,Accessories,
B-25958,360.0,32.0,3.0,CLOTHING,Saree,
B-25633,711.0,-8.0,4.0,Clothing,Saree,
B-25637,117.0,14.0%,3.0,Clothing,Shirt,
B-25883,16.0,-15.0,4.0,Clothing,Hankerchief,
B-25635,382.0,30.0,3.0,Clothing,Saree,
B-25755,80.0,-19.0,5.0,Clothing,Stole,
B-25909,323.0,122.0,5.0,Electronics,Phones,
B-25833,64.0 INR,27.0,5.0,Clothing,HANKERCHIEF,
B-26050,284.0,44.0,6.0,Clothing,Hanky,
B-25971,244.0,83.0,2.0,Furniture,Book Cases,
B-25752,735.0,-235.0,6.0,Electronics,Printers,
B-25857,598.0,166.0%,4.0,Furniture,Bookcase,
B-25818,32.0,11.0%,2.0,Clothing,Leggings,
B-25879,57.0,28.0,2.0,Clothing,Kurti,
B-26016,₹74.0,9.0,3.0,Cloth.,Shirt,
B-26000,676.0,151.0,3.0,Electronics,Printers,
B-25745,132.0,-79.0,5.0,Furniture,Furnishings,
B-26048,"1461,0",202.0,5.0,Furniture,Tables,
B-25917,100.0,12.0,2.0,Clothing,T-shirt,
B-25943,137.0,(38.0),5.0,Clothing,Hankerchief,
B-25645,₹183.0,-66.0,5.0,Elect.,Phones,
B-25803,106.0,12.0,3.0,Clothing,Trousers,
B-25883,146.0,42.0,5.0,Clothing,Hankerchief,
B-25838,₹161.0,40.0,3.0,Clothing,Stole,
B-25955,200.0,13.0,5.0,Electronics,phone,
B-25915,277.0,3.0,1.0,Electronics,E-Games,
B-25626,1103.0,-276.0,3.0,Furniture,Chairs,
B-25697,1300.0,-16.0,8.0,Elect.,Printers,
B-25858,245.0,30.0,2.0,Clothing,Saree,
B-26002,₹113.0,28.0,2.0,Clothing,Sarees,
B-25683,"433,0",26.0%,3.0,Electornics,Printers,
B-25676,79.0,36.0,4.0,Clothing,Shirt,
B-25653,668.0,-31.0,3.0,Electronics,Printers,
B-26068,193.0 INR,(33.0),5.0,Electronics,Accessories,
B-25730,83.0,-81.0,3.0,Furniture,Chairs,
B-26010,55.0,(3.0),3.0,Clothing,T-shirt,
B-25650,238.0,20.0,2.0,Clothing,Saree,
B-25981,54.0,12.0,3.0,Clothing,Saree,
B-25686,1829.0,-56.0,6.0,Furniture,Tables,5%
B-26086,25.0,2.0,2.0,Clothing,Hankerchief,5%
B-26003,79.0,16.0,3.0,Clothing,Tee,
B-25900,210.0,62.0,2.0,Electronics,Phones,
B-25603,1355.0,(60.0),5.0,Clothing,Trousers,
B-25754,30.0,-23.0,2.0,Clothing,Saree,
B-26078,17.0,8.0,2.0,Clothing,Skirt,15%
B-25848,147.0,21.0,3.0,Furniture,Furnishings,
B-25687,"14,0",-1.0,4.0,Clothing,Kurti,
B-25799,205.0,-119.0,3.0,Clothing,Saree,
B-25739,133.0,-56.0,2.0,Furn.,Chairs,
B-25929,1308.0,536.0,3.0,Furniture,Bookcases,
B-26002,276.0,52.0,5.0,Clothing,Saree,
B-25789,30.0,0.0,1.0,Clothing,Kurti,
B-26041,176.0,-28.0,5.0,Furniture,Furnishings,
B-25885,734.0,(248.0),2.0,furniture,Chairs,
B-25755,593.0,213.0,4.0,FURNITURE,Bookcases,
B-25851,57.0,27.0,2.0,Clothing,T-shirt,
B-26061,109.0,52.0,2.0,Clothing,Stole,
B-25653,₹115.0,(25.0),1.0,Electronics,Accessories,
B-25767,74.0,-59.0,2.0,Electronics,ACCESSORIES,
B-25969,720.0,43.0,2.0,Electronics,Printers,
B-25853,30.0,14.0,3.0,Cloth.,Hankerchief,
B-26084,209.0 INR,-63.0,4.0,Electronics,Electronic Games,
B-25852,"320,0",144.0,1.0,Electronics,PRINTERS,
B-25783,30.0,-6.0,2.0,Clothing,Hankerchief,
B-25657,32.0,-22.0,5.0,Clothing,Saree,
B-26087,46.0,13.0,3.0,Clothing,Hankerchief,
B-25843,"255,0",74.0,5.0,Clothing,Hanky,
B-25920,100.0,7.0,2.0,Clothing,T-shirt,
B-25954,524.0 INR,(25.0),2.0,Electornics,Elec. Games,
B-25897,33.0,(10.0),3.0,Clothing,HANKERCHIEF,
B-25902,802.0,120.0,7.0,Electronics,Accessories,
B-26100,34.0,10.0%,2.0,Clothing,T-shirt,
B-25602,561.0,212.0,3.0,Clothing,Saree,
B-25893,372.0,59.0,3.0,Electronics,printer,
B-25829,345.0,38.0,7.0,Clothing,Hankerchief,
B-25993,44.0,8.0,2.0,Clothing,Stole,
B-25724,"168,0",-51.0,2.0,Furniture,Bookcases,
B-25861,128.0,(4.0),3.0,Clothing,Saree,
B-25852,50.0,16.0,1.0,Clothing,Stole,
B-25710,616.0,-69.0,7.0,Furniture,FURNISHINGS,
B-26054,139.0,36.0,3.0,Clothing,Stole,
B-26048,401.0,13.0,6.0,Furniture,Chairs,
B-25999,"352,0",74.0%,8.0,Clothing,STOLE,
B-25689,97.0,17.0,2.0,Clothing,Stole,
B-26070,54.0,12.0,4.0,Clothing,Shirt,
B-25730,187.0,30.0,4.0,Electronics,Acces.,
B-25970,111.0,9.0,4.0,Clothing,STOLE,
B-25910,33.0,1.0,2.0,Clothing,Shirts,
B-25653,1327.0,318.0,8.0,Furniture,Chairs,
B-25778,1506.0,-266.0,6.0,Electronics,Printers,5%
B-26021,122.0,59.0,7.0,Furniture,Furnishings,
B-25959,681.0,259.0,4.0,Furniture,Chairs,15%
B-25981,42.0 INR,13.0,3.0,Clothing,Legging,
B-26079,18.0,3.0,2.0,Clothing,Hankerchief,
B-25753,₹65.0,-52.0,3.0,Electronics,Accessories,
B-25781,60.0,(49.0),8.0,Clothing,Hankerchief,
B-26002,71.0,(19.0),3.0,Clothing,t-shirt,
B-25678,7.0,-3.0,2.0,Clothing,Skirt,
B-25953,₹81.0,41.0,3.0,Clothing,stole,
B-25678,27.0,-25.0,2.0,Clothing,Shirt,
B-26038,41.0,19.0,2.0,Clothing,t-shirt,
B-26045,179.0,77.0,1.0,Clothing,Saree,
B-25673,143.0,-124.0,5.0,Clothing,SAREE,
B-25898,33.0,13.0,3.0,Clothing,Leggings,
,389.0,-83.0,3.0,Furniture,Chairs,
B-25654,229.0,-23.0,2.0,Clothing,Saree,
B-25873,7.0,1.0,1.0,Clothing,Hankerchief,
B-25961,₹34.0,10.0,-3.0,Clothing,skirts,
B-25993,610.0,208.0,3.0,Elect.,Printers,
B-25830,93.0,15.0,2.0,Electronics,Accessories,
B-25990,₹71.0,32.0,3.0,CLOTHING,Saree,
B-25787,140.0,-58.0,4.0,furniture,Furnishings,
B-25903,74.0,33.0,2.0,Clothing,Shirt,
B-25652,174.0,-70.0,3.0,Electronics,Accessories,
B-25973,398.0,111.0,8.0,Clothing,Hankerchief,
B-25878,165.0,46.0,3.0,Furniture,Furnishings,
B-25748,₹224.0,58.0,3.0,Electronics,Phones,
B-25730,₹1145.0,-706.0,3.0,Electronics,Phones,
B-25770,299.0 INR,113.0,2.0,Furniture,Bookcases,
B-26013,29.0,10.0,3.0,Clothing,Skirt,
B-25768,₹1582.0,(443.0),6.0,Clothing,Trousers,
B-26053,17.0,1.0,2.0,Clothng,Skirt,
B-25719,29.0,10.0,2.0,Clothing,Stole,
B-25738,72.0,-6.0,3.0,Clothing,Saree,
B-25601,₹1275.0,(1148.0),7.0,Furniture,Bookcases,5%
B-25725,₹144.0,(7.0),4.0,Electronics,Electronic Games,
B-25899,28.0,6.0,4.0,Clothing,Skirt,
B-25878,719.0,(303.0),6.0,Furnituer,Chairs,
B-26076,60.0,13.0,2.0,Clothing,T-shirt,
B-25757,211.0,19.0,8.0,Clothing,Stole,15%
B-26038,130.0,61.0,3.0,Clothing,Shirt,
B-25624,26.0,12.0,3.0,Cloth.,Hankerchief,
B-25814,118.0 INR,35.0,7.0,Clothing,T-shirt,
B-26050,₹325.0,32.0,7.0,Clothing,T-shirt,
B-25955,39.0,2.0,2.0,Clothing,Saree,
B-25996,31.0,2.0,2.0,Clothing,Hankerchief,15%
B-25656,101.0,18.0,9.0,Clothing,Skirt,
B-25754,93.0,(65.0),4.0,Cloth.,Stole,None
B-25651,16.0,-10.0,2.0,Clothing,T-shirt,None
B-25939,136.0 INR,41.0,3.0,Electronics,accessories,
B-25780,137.0,-41.0,3.0,Electronics,Phones,
B-25889,31.0,10.0,1.0,Clothing,Kurti,
B-25850,93.0,-1.0,2.0,Clothing,Hankerchief,
B-25640,68.0,(62.0),2.0,Clothing,Trousers,
B-26088,₹11.0,5.0%,2.0,Clothing,Hankerchief,
B-25659,148.0,72.0,7.0,Clothing,T-shirt,
B-25896,42.0,7.0,2.0,Clothing,kurti,None
B-26091,"29,0",10.0,4.0,Clothing,Handkerchief,
B-25861,44.0,14.0,3.0,Clothing,Hankerchief,
B-25750,208.0,(25.0),2.0,Clothing,Saree,
B-25687,17.0,6.0,1.0,Clothing,Stoles,
B-25630,114.0,-39.0,5.0,Clothing,kurti,
B-25868,62.0,-1.0,1.0,Electronics,Phones,
B-25652,24.0,-21.0,7.0,Clothing,Skirt,
B-25701,10.0,-8.0,2.0,Clothing,Skirt,10%
B-25951,248.0,105.0,2.0,Electronics,Phones,
B-25709,33.0,-12.0,7.0,Clothing,Saree,
B-26093,49.0,5.0%,4.0,Clothing,Hankerchief,
B-25975,29.0 INR,2.0,3.0,Cloth.,SKIRT,
B-25767,299.0,-28.0,3.0,Electronics,Electronic Games,
B-25951,111.0,11.0,9.0,Clothing,HANKERCHIEF,
B-25881,₹26.0,9.0,2.0,Clothing,Leggings,
B-25728,1055.0 INR,264.0%,4.0,Electronics,Printers,
B-25764,26.0,(0.0),2.0,Clothing,kurti,
B-26067,₹53.0,2.0%,4.0,Cloth.,Hankerchief,None
B-25714,340.0 INR,20.0,7.0,Clothing,Shirt,
B-25751,10.0,-8.0,1.0,Clothing,Kurti,
B-25656,534.0,0.0,3.0,Clothing,Saree,
B-25610,1076.0,-38.0%,4.0,Electronics,Printers,
B-25773,224.0,-143.0,3.0,Furniture,Chairs,
B-25664,444.0,-200.0,4.0,Electronics,Phones,
B-26096,"264,0",-26.0,3.0,Clothing,Trousers,
B-26067,1137.0,-14.0,7.0,Electronics,Printers,
B-25919,636.0,(204.0),2.0,Electronics,Printers,
B-26056,33.0,9.0,2.0,Clothng,Hankerchief,
B-25656,56.0 INR,18.0,2.0,Clothing,Hankerchief,
B-25656,6.0,3.0,1.0,Clothing,Hankerchief,
B-25822,34.0,13.0,2.0,Clothing,Saree,
B-25656,1389.0,680.0,7.0,Clothing,Saree,
B-25775,50.0,-17.0%,2.0,Clothing,Stole,
B-26010,29.0,3.0,2.0,Clothing,Stole,
B-25998,50.0,-28.0,5.0,Furniture,Furnishings,
B-25903,₹37.0,17.0,3.0,Clothing,Handkerchief,
B-25762,98.0,-5.0,2.0,Clothing,Saree,
B-25923,226.0,58.0,3.0,Electronics,Accessories,
B-25630,42.0,-26.0,2.0,Clothing,Kurti,
B-26025,"155,0",5.0,3.0,Clothing,Stole,
B-25798,379.0,63.0,2.0,Clothing,Saree,
B-25854,88.0,16.0,4.0,Clothing,Stole,5%
B-25824,101.0,(38.0),2.0,furniture,Furnishing,
B-25883,10.0,-2.0,2.0,Clothing,Leggings,
B-25681,243.0 INR,(14.0),2.0,Furniture,Chairs,
B-25852,24.0,1.0,2.0,Clothing,Hankerchief,
B-25673,45.0,-2.0,4.0,Clothing,Shirt,
B-25655,6.0,(3.0),1.0,Clothing,Hankerchief,
B-25652,25.0,-2.0,5.0,Clothing,Hankerchief,
B-26054,246.0,98.0,5.0,Clothing,Hankerchief,
B-25676,32.0,6.0,3.0,clothing,Shirt,
B-26010,₹176.0,-13.0%,5.0,Furniture,Furnishings,
B-25911,40.0,15.0,1.0,Clothing,Kurti,
B-25661,58.0,-42.0,2.0,Furniture,Chairs,
B-25616,116.0,-56.0,5.0,Clothing,Stole,
B-25840,262.0,64.0,6.0,Clothing,Saree,
B-25648,30.0,(13.0),1.0,Clothing,T-shirt,
B-25614,98.0,-12.0,2.0,Electronics,Electronic Games,
B-25793,₹257.0,-252.0,4.0,clothing,Saree,
B-25999,93.0,-65.0,4.0,CLOTHING,Stole,
B-26030,₹89.0,36.0,3.0,Clothing,Shirt,
B-26085,132.0,-10.0,3.0,Clothng,Saree,
B-25761,2188.0,1050.0,5.0,Furniture,Bookcases,
B-25756,29.0 INR,(24.0),4.0,Clothing,Leggings,
B-25898,915.0,-99.0,3.0,Furniture,Tables,
B-25919,977.0,244.0,7.0,Electronics,Phones,
B-25608,₹257.0,23.0,5.0,Clothing,Hankerchief,
B-26062,13.0 INR,-2.0,1.0,Clothing,Stole,
B-26000,43.0,(9.0),4.0,Clothing,Skirt,
B-25630,"133,0",12.0,5.0,Clothing,Stole,
B-25897,734.0 INR,213.0,6.0,Electronics,Electronic Games,
B-26030,221.0,35.0,4.0,Electronics,Accessories,
B-25728,322.0,-113.0,4.0,Clothing,Saree,
B-25769,355.0,-4.0,2.0,clothing,Saree,
B-25886,"63,0",1.0,4.0,Clothing,T-shirt,15%
B-26051,184.0,85.0,6.0,Clothing,T-shirt,
B-25736,31.0,-7.0,5.0,Clothing,skirts,
B-25852,97.0,17.0,2.0,Clothing,STOLE,
B-25850,513.0,215.0,2.0,Electronics,Accessories,
B-26053,93.0,(31.0),3.0,Electronics,Accessories,
B-25754,262.0,-215.0,2.0,Electronics,Printers,
B-25692,₹141.0,28.0,7.0,Furniture,Furnishings,
B-25632,19.0,-2.0,2.0,Clothing,Leggings,15%
B-25903,204.0,94.0,4.0,Clothing,Hankerchief,
B-25681,₹523.0,204.0,7.0,Clothing,Trousers,
B-25753,154.0,22.0,7.0,Clothing,t-shirt,
B-25743,143.0,-124.0,5.0,Clothng,Saree,
B-25803,536.0 INR,91.0,1.0,Clothing,Trousers,
B-25657,₹1021.0,-48.0,4.0,Electronics,Electronic Games,
B-25604,157.0,(5.0),9.0,Clothing,Saree,
B-26050,79.0,32.0%,3.0,Clothing,Saree,
B-25999,109.0 INR,40.0,1.0,Furniture,Furnishings,
B-25717,561.0,212.0,3.0,Clothing,Saree,
B-25953,67.0,20.0,4.0,Clothing,T-shirt,
B-25799,"45,0",-15.0,2.0,Furniture,CHAIRS,
B-25626,46.0,-14.0,1.0,Electronics,Mobile Phones,
B-25894,₹1246.0,62.0,3.0,Furniture,Bookcases,
B-25979,560.0,(44.0),3.0,Clothing,Saree,15%
B-26073,37.0,17.0,3.0,Clothing,Hankerchief,
B-25696,44.0,7.0,3.0,Clothing,Kurti,
B-25613,1603.0,(0.0),9.0,Clothing,SAREE,
B-25827,156.0,21.0,3.0,Furniture,Chairs,
B-26055,94.0,27.0,2.0,Clothing,T-shirt,
B-25964,199.0,0.0,4.0,Clothing,Stole,
B-25933,412.0,-412.0,6.0,Clothing,saree,
B-25853,39.0,(16.0),6.0,Clothing,Skirt,
B-25662,385.0,-77.0,11.0,Furniture,Furnishings,
B-25905,152.0,50.0,6.0,Clothing,Stole,
B-25755,₹257.0,-3.0,2.0,Furniture,Bookcases,
B-25832,504.0,(116.0),3.0,Furniture,Bookcases,15%
B-25855,₹1027.0,441.0,8.0,Clothing,Saree,
B-26055,213.0,4.0%,14.0,Clothing,Shirt,
B-25851,₹62.0,1.0%,3.0,CLOTHING,Saree,
B-25750,212.0,-24.0,2.0,Furniture,chair,
B-25878,84.0,41.0,3.0,Clothing,Tee,15%
B-25803,₹765.0,8.0%,6.0,Clothing,Saree,
B-25650,31.0,-2.0,2.0,Clothing,Saree,
B-25750,78.0,-6.0,2.0,Furniture,Furnishings,
B-26081,79.0,33.0,4.0,Clothing,Stole,
B-25930,"351,0",-94.0,5.0,Elect.,Electronic Games,
B-25802,27.0,-7.0,5.0,Clothing,Saree,
B-26083,₹34.0,(3.0),3.0,CLOTHING,Saree,
B-25639,1629.0,-153.0,3.0,Electronics,Phones,
B-25886,₹89.0,17.0,2.0,Clothing,Stole,
B-25986,487.0,-23.0,3.0,ELECTRONICS,Printers,15%
B-26083,145.0,16.0,3.0,Clothing,T-shirt,
B-25854,53.0,-2.0,3.0,CLOTHING,Saree,
B-25766,220.0,-19.0,2.0,Clothing,Saree,
B-25603,193.0,-166.0,3.0,Clothing,Saree,
B-25743,9.0,(5.0),1.0,clothing,Saree,
B-25697,67.0,-42.0,3.0,Clothing,Stole,
B-25840,246.0,61.0,2.0,Furn.,bookcases,
B-26012,21.0 INR,8.0,2.0,Clothing,Saree,
B-26070,14.0,7.0,2.0,Clothing,Hankerchief,
B-25839,1250.0 INR,486.0,7.0,Clothing,SAREE,
B-25886,107.0,37.0,3.0,Clothing,Shirt,
B-25655,110.0,-68.0,4.0,Clothing,Saree,
B-25899,43.0,17.0,1.0,Clothing,Saree,
B-26054,156.0,23.0,3.0,Clothing,Stole,
B-25689,469.0,-459.0,3.0,Electronics,Electronic Games,
B-25712,193.0,-275.0,3.0,Electronics,Phones,
B-26081,169.0,0.0,3.0,Elect.,Accessories,
B-25953,188.0,-193.0,2.0,Electronics,E-Games,
B-25773,209.0,-21.0,2.0,Electronics,Electronic Games,
B-25950,261.0,13.0,6.0,Clothing,Shirts,
B-25856,₹48.0,6.0,1.0,Clothing,Saree,
B-26051,676.0,195.0,5.0,Furniture,Bookcases,
B-25855,1319.0,567.0,5.0,Electronics,Printers,
B-25970,742.0,(198.0),2.0,furniture,Bookcases,
B-25777,69.0,-67.0,4.0,Clothing,Kurti,
B-25608,1364.0,-1864.0,5.0,Furniture,Tables,
B-25723,76.0,-54.0,3.0,Electronics,E-Games,
B-26033,143.0,32.0,1.0,FURNITURE,Bookcases,
B-25716,"58,0",0.0,4.0,Clothing,Saree,
B-25752,1361.0,197.0,9.0,Furniture,Bookcases,
B-25757,53.0,15.0,2.0,Clothing,stole,
B-25674,17.0,-12.0,5.0,Clothing,SKIRT,
B-25903,25.0,11.0,3.0,Clothing,Leggings,
B-26003,315.0 INR,-8.0,3.0,Furniture,Chairs,
B-25949,151.0,9.0,3.0,Clothing,Hankerchief,
B-26092,₹97.0,14.0,2.0,Clothing,T-shirt,
B-25641,22.0,-6.0,1.0,Furniture,Furnishings,
B-25948,₹152.0,(23.0),3.0,Furniture,Furnishings,
B-25957,16.0,2.0,1.0,Clothing,Saree,
B-25963,53.0 INR,8.0%,3.0,Furniture,Furnishings,
B-25843,₹214.0,30.0,3.0,Electornics,ACCESSORIES,
B-25943,26.0,7.0,4.0,Clothing,HANKERCHIEF,
B-25654,"450,0",(90.0),3.0,Electronics,Printers,
B-26046,32.0,(3.0),8.0,Clothing,Hankerchief,
B-26045,376.0,0.0%,7.0,Clothing,Stole,
B-25862,2061.0,701.0,5.0,Furniture,Bookcases,
B-25796,148.0,0.0,3.0,Clothing,Saree,
B-25845,757.0,371.0,2.0,Electronics,Printers,
B-26055,₹43.0,11.0,1.0,clothing,Sarees,
B-25761,102.0,-90.0,1.0,Clothing,Saree,
B-25789,67.0 INR,-86.0,9.0,Furniture,Furnishings,
B-25867,163.0,(26.0),4.0,Clothing,Shirt,
B-25773,₹248.0,-70.0,3.0,Furniture,Chairs,
B-25810,29.0,8.0,5.0,Clothing,Hankerchief,
B-26067,1120.0,199.0,6.0,Clothng,Saree,
B-26053,"85,0",2.0,6.0,Clothing,Stole,
B-25862,121.0,41.0,4.0,CLOTHING,Stole,
B-25650,512.0,-225.0,5.0,Clothing,Saree,
B-25853,26.0,11.0,2.0,Clothing,Hankerchief,
B-25959,23.0,8.0,2.0,Clothing,hankerchief,
B-25880,108.0,37.0,2.0,Clothing,Stole,
B-25650,"351,0",-47.0,8.0,Electronics,Phones,
B-25823,₹103.0,50.0,2.0,Furniture,Furnishings,
B-25812,259.0,47.0,5.0,Clothing,Hankerchief,
B-25730,473.0,(42.0),4.0,Furniture,Chairs,
B-25693,68.0,-30.0,1.0,Electronics,Phones,
B-25823,59.0,6.0,1.0,Electronics,Accessories,
B-25912,"102,0",11.0,6.0,Clothing,T-shirt,
B-25877,24.0,8.0,2.0,Clothing,Skirt,
B-25893,61.0,11.0,3.0,Clothing,Kurti,
B-25618,12.0,0.0,2.0,Clothing,HANKERCHIEF,
B-26043,₹62.0,(28.0),5.0,Clothing,Hankerchief,
B-25940,13.0,3.0,2.0,Clothing,Hankerchief,
B-25896,190.0,68.0,8.0,Clothing,T-shirt,
B-25858,29.0,11.0,4.0,Clothing,Skirt,
B-25661,145.0,-104.0,5.0,Furniture,Chairs,
B-25602,168.0,-111.0,2.0,Electronics,Phones,
B-25945,"63,0",14.0,2.0,Clothing,Shirt,
B-26048,163.0,81.0,2.0,Electronics,Accessories,
B-25691,17.0,-9.0,3.0,Clothng,Stole,
B-25999,152.0,(3.0),5.0,Clothing,Saree,
B-26056,206.0,18.0,4.0,Clothing,Hankerchief,10%
B-25753,107.0,31.0,5.0,Clothing,T-shirt,
B-25945,60.0,3.0,3.0,Clothing,Saree,
B-25959,132.0,49.0,3.0,Clothng,Shirt,
B-25882,121.0,(19.0),4.0,Clothing,Stole,
B-26053,120.0,1.0,1.0,Furniture,Chairs,
B-25702,₹75.0,0.0,3.0,Clothing,Shirt,
B-25996,47.0,(1.0),2.0,Clothing,Stole,
B-25703,22.0,-15.0,4.0,CLOTHING,Kurti,
B-25654,54.0,-3.0,3.0,Clothing,Saree,
B-25796,37.0,-6.0%,1.0,Clothing,Saree,
B-25621,228.0,63.0,3.0,Electronics,Electronic Games,None
B-25996,₹217.0,72.0%,2.0,Furniture,Furnishings,
B-25851,53.0,24.0,6.0,Clothing,Hankerchief,
B-25881,"1351,0",111.0,6.0,Electronics,Electronic Games,
B-25973,39.0,14.0,5.0,Clothing,Leggings,
B-25757,34.0,-11.0,5.0,Clothing,T-shirt,
B-25930,151.0,29.0,5.0,Clothing,Hankerchief,
B-25823,2103.0,322.0,8.0,Electronics,Electronic Games,
B-25743,56.0,0.0,4.0,Clothing,Hankerchief,
B-25772,1183.0,106.0,4.0,Electronics,Printers,
B-25706,₹31.0,-11.0,4.0,Clothing,Stole,
B-25605,75.0,0.0,7.0,Clothing,Saree,
B-25837,263.0,(50.0),5.0,clothing,Stole,
B-25612,259.0,-55.0,2.0,Furniture,Chairs,
B-25901,159.0,2.0,3.0,Furn.,Furnishings,
B-25878,741.0,267.0,5.0,Furniture,Bookcases,
B-26054,0,(21.0),3.0,Electronics,accessories,5%
B-25748,141.0,10.0,4.0,Clothing,Shirt,
B-25906,₹78.0,27.0,3.0,Clothing,Stole,
B-25782,335.0,-22.0,7.0,Furniture,Chairs,
B-25855,98.0,12.0,2.0,Clothing,Handkerchief,
B-25955,294.0,(62.0),9.0,Clothing,T-shirt,
B-25685,529.0,137.0,3.0,Electronics,phone,
B-25979,284.0,45.0,2.0,Furniture,Bookcases,
B-25861,₹50.0,3.0%,2.0,Clothing,Stole,
B-25762,1316.0,-527.0,7.0,Electronics,electronic games,
B-25654,121.0,-17.0%,3.0,Furniture,Furnishings,
B-25926,57.0,6.0,5.0,Clothing,Leggings,
B-25887,2125.0,234.0,6.0,Electronics,Printers,
B-25808,210.0,50.0,4.0,Clothing,Hankerchief,None
B-25838,70.0,26.0,5.0,CLOTHING,Hankerchief,
B-25793,24.0,-1.0,4.0,Clothing,Skirt,
B-26081,₹93.0,-84.0,3.0,Clothing,Saree,
B-25604,"65,0",17.0,2.0,Clothing,Tee,
B-25651,49.0,3.0,1.0,Clothing,Shirt,
B-25909,12.0,(2.0),2.0,clothing,Skirt,
B-25935,162.0,20.0%,3.0,Furniture,Chairs,
B-26096,103.0,46.0,2.0,Clothing,Saree,10%
B-25662,0,-21.0,1.0,Electronics,Electronic Games,
B-25983,"32,0",-12.0,1.0,Furniture,Chairs,
B-25940,₹46.0,0.0,4.0,Clothing,Leggings,
B-26093,81.0 INR,41.0,5.0,Clothing,Leggings,
B-26051,382.0,119.0,2.0,Clothing,Saree,
B-25802,13.0,-9.0,2.0,Clothng,Skirt,
B-25658,27.0,(9.0),2.0,Clothng,T-shirt,
B-25701,33.0,-29.0,3.0,Clothing,Shirt,
B-25764,₹24.0,-24.0,2.0,Clothing,Saree,
B-26087,180.0,0.0,8.0,Clothing,Stole,
B-26026,255.0 INR,76.0,9.0,Clothing,Hankerchief,
B-26016,429.0,(61.0),3.0,Electronics,Electronic Games,
B-25774,38.0,-6.0,2.0,Furniture,Furnishings,
B-25957,147.0,73.0,3.0,Clothing,Stole,
B-25757,"106,0",15.0%,7.0,Clothing,Hankerchief,
B-25655,396.0,-31.0,9.0,Clothing,Saree,
B-25999,215.0,-30.0,2.0,clothing,Saree,
B-25603,₹38.0,18.0,1.0,Clothing,Kurti,
B-25958,₹105.0,25.0,2.0,Clothing,Hankerchief,
B-25785,192.0 INR,-146.0%,3.0,Clothing,Sarees,
B-25825,911.0,355.0%,5.0,Electronics,Phones,
B-26010,18.0,2.0,3.0,Clothing,Hankerchief,
B-25950,136.0,-33.0,5.0,Clothing,Saree,
B-26026,25.0,2.0,3.0,Clothing,Kurti,
B-25925,314.0,-41.0,3.0,Electronics,Electronic Games,
B-26073,29.0,9.0,3.0,Clothing,Saree,
B-25697,73.0,-7.0,1.0,Electronics,Phones,
B-25865,85.0,-1.0,3.0,Clothing,Saree,
B-25678,64.0,(7.0),3.0,Clothing,Saree,15%
B-25609,485.0 INR,29.0,4.0,Electornics,Electronic Games,
B-25752,33.0,-27.0,1.0,Furniture,Chairs,
B-26091,59.0,10.0,4.0,Clothing,Legging,
B-25679,76.0,-50.0,1.0,Clothing,Saree,
B-25614,494.0,54.0,4.0,Furniture,BOOKCASES,
B-25854,76.0,19.0,3.0,Clothing,Hankerchief,
B-25953,1218.0,352.0,9.0,Furniture,Bookcases,
B-25757,17.0,-13.0,4.0,Clothing,Skirt,
B-26037,171.0,68.0,7.0,Clothing,Stole,
B-26096,451.0,25.0,3.0,Electronics,Phones,
B-25838,955.0,305.0,3.0,Electronics,Printers,
B-26061,₹965.0,-68.0,3.0,Electronics,Printers,
B-25815,35.0,(14.0),2.0,Clothing,STOLE,
B-26044,28.0 INR,10.0,3.0,Clothing,Skirt,None
B-26004,162.0,73.0%,2.0,Electronics,ELECTRONIC GAMES,
B-25989,330.0,81.0,1.0,Furniture,Bookcases,
B-26023,66.0,22.0,3.0,Clothing,Stole,
B-26086,₹43.0,17.0,2.0,Clothing,T-shirt,
B-25867,₹240.0,12.0,6.0,Clothing,Kurti,None
B-25655,₹312.0,-312.0,7.0,Furniture,Chairs,
B-25923,3873.0,891.0,6.0,Electronics,Phones,
B-25999,26.0,-17.0,1.0,Clothing,Stole,
B-25877,269.0,33.0,5.0,Furniture,Chairs,
B-26033,774.0,170.0,3.0,Electronics,Accessories,
B-25896,103.0,36.0,2.0,Clothing,Hankerchief,
B-25903,60.0,-10.0,2.0,Furniture,Furnishings,
B-25654,₹105.0,46.0,2.0,Clothing,Stole,
B-26057,224.0,87.0,3.0,Clothing,Trousers,
B-25770,110.0,35.0,1.0,Furniture,Furnishings,
B-25981,867.0,251.0,5.0,Electronics,Phones,
B-26027,54.0,8.0,4.0,Clothing,T-shirt,
B-25645,133.0,-42.0,1.0,Electronics,Printers,
B-25797,31.0,1.0,2.0,Clothing,Hankerchief,
B-26052,148.0,23.0,4.0,Clothing,Kurti,
B-25984,304.0,(97.0),6.0,Clothing,Stole,
B-25623,53.0,1.0,4.0,clothing,Stole,
B-25654,122.0,-21.0,3.0,Furniture,Furnishings,
B-25745,670.0 INR,15.0,5.0,Furniture,Bookcases,
B-26090,80.0,22.0,3.0,Clothing,Stole,
B-25670,24.0,(1.0),2.0,Clothing,Hankerchief,
B-26076,450.0,190.0,4.0,Furniture,Bookcases,
B-25977,"180,0",54.0,4.0,Clothing,T-shirt,
B-26051,80.0,22.0,3.0,Clothing,Stole,
B-25602,₹119.0,-5.0,8.0,Clothing,saree,
B-25950,644.0 INR,167.0,2.0,Electronics,Printers,
B-26054,88.0,19.0,2.0,Clothing,Shirt,
B-25955,954.0,95.0,3.0,Electronics,PRINTERS,
B-25754,9.0,-1.0,3.0,Clothing,Skirt,
B-25687,51.0,21.0,3.0,Clothing,T-shirt,
B-25899,₹846.0,9.0%,2.0,Furniture,Chairs,
B-26050,487.0,(143.0),4.0,Electronics,Phones,
B-25896,₹79.0,-2.0,2.0,Furniture,FURNISHINGS,
B-26076,91.0,22.0,2.0,Clothing,Stole,
B-25808,146.0,-63.0,3.0,Electronics,Electronic Games,
B-25718,371.0,115.0,1.0,Furniture,Bookcases,
B-26040,"833,0",93.0,3.0,Clothing,trouser,
B-25691,75.0,-25.0,3.0,Clothing,stole,
B-25654,269.0,-86.0,2.0,Electronics,Electronic Games,10%
B-25757,₹3151.0,-35.0,7.0,Clothing,Trousers,
B-25816,₹391.0,113.0,8.0,Clothing,Stole,
B-26098,409.0,86.0,3.0,Clothing,Saree,
B-26073,₹1514.0,742.0,4.0,Electronics,Printers,
B-25786,44.0,-34.0,3.0,Clothing,Stoles,5%
B-25910,₹125.0,15.0,5.0,Clothing,Shirt,
B-25761,₹263.0,-31.0,9.0,Electronics,Electronic Games,
B-26055,671.0,114.0,9.0,Electronics,Phones,
B-25993,173.0,86.0,1.0,Electronics,Printers,
B-25653,227.0,102.0,8.0,Electronics,Accessories,
B-25745,296.0,-225.0,11.0,Clothing,SAREE,
B-25923,484.0,(28.0),3.0,Electronics,Printers,
B-26081,637.0,50.0,5.0,Clothing,Saree,
B-25825,115.0,25.0,6.0,Clothing,Stole,
B-25755,27.0,4.0,2.0,Clothing,Saree,
B-25661,145.0,-104.0,5.0,Furniture,Chairs,
B-25985,44.0,11.0,4.0,Clothing,Stole,
B-26008,₹57.0,(24.0),5.0,Clothing,Leggings,
B-25802,₹95.0,5.0,2.0,Cloth.,Stole,
B-25653,195.0 INR,-117.0,5.0,ELECTRONICS,PHONES,
B-25854,342.0,154.0,7.0,Furniture,Furnishings,
B-25935,150.0,(32.0),3.0,Clothing,Hankerchief,
B-25665,166.0,-113.0,4.0,Electronics,Accessories,
B-25897,24.0,11.0,5.0,Clothing,Hankerchief,
B-25696,168.0,(9.0),3.0,Clothing,Saree,
B-25699,20.0,-22.0,1.0,Furniture,Furnishings,
B-26056,101.0,11.0,2.0,Clothing,Hankerchief,
B-25744,₹373.0,-254.0,6.0,Electronics,Printers,5%
B-25651,44.0,-8.0,3.0,Clothing,stole,
B-26002,"141,0",7.0,7.0,Clothng,Saree,
B-25667,1030.0,206.0,8.0,Electronics,Printers,
B-25881,36.0,7.0,3.0,Clothing,Leggings,
B-25685,264.0,-30.0,3.0,Furniture,furnishings,
B-26078,"137,0",63.0%,3.0,clothing,Stole,
B-26073,122.0,11.0%,4.0,Clothing,Hankerchief,
B-25987,88.0,11.0,7.0,Clothing,Hankerchief,
B-25737,₹187.0,-15.0,3.0,Clothing,Trousers,
B-26051,₹490.0,88.0,2.0,Electronics,Accessories,
B-25888,18.0,2.0%,3.0,Clothing,Hankerchief,
B-25676,342.0,-103.0,4.0,ELECTRONICS,Electronic Games,
B-25817,743.0,89.0,5.0,Electronics,Printers,
B-25601,66.0,-12.0,5.0,Clothing,Stole,
B-25650,₹245.0,-78.0%,2.0,Electronics,Printers,
B-25843,18.0,6.0,3.0,CLOTHING,Hankerchief,
B-26097,663.0,(212.0),5.0,Electronics,Printers,
B-25921,71.0,-44.0,5.0,ELECTRONICS,Accessories,
B-26051,669.0,(74.0),5.0,Furniture,Bookcases,
B-26040,113.0,24.0,4.0,Clothing,Hankerchief,
B-26055,250.0,(12.0),2.0,Electronics,Printers,
B-25753,47.0,(114.0),5.0,Furn.,Furnishings,
B-25981,₹48.0,2.0,3.0,Clothing,Stole,
B-26023,₹59.0,21.0,2.0,Clothing,Stole,
B-25828,537.0 INR,107.0,3.0,Clothing,Saree,
B-26057,659.0 INR,-37.0,2.0,Furniture,Bookcases,
B-26024,168.0,18.0,6.0,Clothing,Stole,
B-26096,88.0,11.0,3.0,Electronics,Accessories,
B-25704,126.0,-63.0,3.0,Electronics,Accessories,
B-25820,₹119.0,(1.0),1.0,Furniture,Chairs ,
B-25848,16.0,8.0,2.0,Clothing,Hankerchief,
B-26035,369.0,15.0,3.0,Electronics,E-Games,
B-25930,58.0,(17.0),2.0,Clothing,Hankerchief,
B-25809,53.0,24.0,1.0,Clothing,hankerchief,
B-25810,₹92.0,42.0,2.0,Clothing,Stole,
B-26047,55.0,12.0,5.0,Clothing,SKIRT,
B-26020,₹319.0,102.0,6.0,Electronics,Accessories,
B-26093,852.0,(51.0),5.0,Furniture,bookcases,
B-26023,29.0,0.0,3.0,Furniture,Furnishings,
B-26062,44.0,-40.0,3.0,Clothing,Stole,
B-25864,22.0,8.0,2.0,Clothing,LEGGINGS,
B-25818,94.0,20.0,2.0,Furniture,Furnishings,
B-25950,13.0,4.0,1.0,Clothing,Leggings,
B-25788,12.0,3.0,1.0,Clothing,stole,
B-25835,27.0,2.0,2.0,Clothing,LEGGINGS,
B-25796,78.0,-64.0,7.0,Clothing,Stole,
B-25970,365.0,107.0,3.0,Electronics,Mobile Phones,
B-26028,1272.0,547.0,2.0,Electronics,phone,
B-25997,2292.0 INR,127.0,7.0,Furniture,Bookcases,
B-25777,1076.0,-38.0,4.0,Electronics,Printers,
B-25955,54.0,14.0,3.0,Clothing,T-shirt,
B-25783,33.0,(10.0),6.0,Clothing,leggings,
B-25999,222.0,74.0,5.0,Clothing,Hankerchief,
B-25854,"436,0",131.0,9.0,Clothing,Hankerchief,
B-26063,₹241.0,-77.0,4.0,Electronics,Electronic Games,
B-25761,328.0,-15.0,3.0,ELECTRONICS,Electronic Games,
B-25643,1061.0,-36.0,8.0,Furniture,Book Cases,
B-25950,"133,0",5.0,5.0,Clothing,Stole,
B-25791,175.0,77.0,3.0,Clothing,Saree,
B-26028,₹77.0,36.0,2.0,CLOTHING,Shirt,
B-25853,579.0,139.0%,3.0,Electronics,Printers,
B-25891,121.0,41.0,4.0,Clothing,Stole,
B-25898,191.0,(93.0),4.0,Clothing,Shirt,
B-25953,22.0,-8.0,4.0,Clothing,Hankerchief,
B-25670,74.0,29.0,3.0,Clothing,Stole,
B-25740,₹58.0,-8.0%,2.0,Clothng,Saree,
B-25864,17.0,5.0,1.0,Clothing,Hankerchief,
B-25893,223.0,62.0,7.0,Clothing,Shirt,
B-25743,503.0,-56.0,2.0,Clothing,Pants,
B-25856,689.0,90.0,5.0,Clothing,Saree,
B-26060,382.0,68.0,3.0,Clothing,Saree,
B-26016,"202,0",4.0,4.0,Clothing,HANKERCHIEF,
B-25951,30.0,5.0,2.0,Clothing,Kurti,
B-25818,75.0,28.0,9.0,Clothing,Hankerchief,
B-25803,"137,0",(5.0),5.0,Clothing,Shirt,
B-25925,₹1228.0,14.0,3.0,Furniture,Chairs,
B-25851,336.0,71.0,3.0,Furniture,Bookcases,15%
B-25836,1298.0,65.0,9.0,Electronics,Printers,
B-25643,263.0,-63.0%,2.0,Electronics,Electronic Games,
B-25868,1118.0,206.0,2.0,Furniture,Tables,
B-25747,877.0,395.0%,2.0,Furniture,Bookcases,
B-25767,29.0,-3.0,3.0,Clothing,Saree,
B-25957,"1157,0",(13.0),9.0,Furniture,Bookcases,
B-25955,₹45.0,8.0,4.0,Clothing,Skirt,
B-25910,685.0,7.0,7.0,Clothing,Pants,
B-25858,223.0,27.0,2.0,Furniture,Bookcases,
B-25667,₹41.0,6.0,5.0,Clothing,Skirt,None
B-25652,206.0,-206.0,3.0,Clothing,Saree,
B-25954,48.0,11.0,2.0,Clothing,Shirt,
B-25616,₹42.0,12.0,5.0,Clothing,Hankerchief,
B-25950,190.0,(19.0),9.0,Furniture,Furnishings,
B-25680,73.0,-25.0,3.0,Clothng,Saree,
B-25733,23.0,(6.0),4.0,Clothing,Hanky,
B-25698,₹27.0,(6.0),4.0,Clothing,Hankerchief,
B-25750,20.0,-18.0,2.0,Clothing,Sarees,
B-25740,"7,0",0.0,2.0,Clothing,Skirt,
B-25798,₹61.0,-50.0,4.0,Clothing,Hankerchief,
B-25991,90.0,30.0%,2.0,Furniture,chair,
B-25961,446.0,53.0,3.0,Electronics,Printers,
B-25819,417.0,49.0,3.0,Electronics,Electronic Games,
B-25987,₹299.0,(0.0),6.0,Clothing,Stole,
B-26056,424.0,161.0,2.0,Clothing,Saree,
B-25777,₹61.0,-25.0,4.0,Electronics,Accessories,
B-25628,₹45.0,13.0,4.0,Clothing,Skirt,
B-25603,107.0,36.0%,6.0,Clothing,Stole,
B-25996,18.0,4.0,1.0,Clothing,Saree,
B-25956,₹89.0,-37.0%,4.0,Clothing,Shirt,
B-25763,58.0,-52.0,3.0,Furniture,Chairs,
B-25734,108.0,-19.0,3.0,Electronics,Electronic Games,
B-25661,"55,0",-33.0,2.0,Furniture,Chairs ,
B-25855,550.0,242.0,5.0,Furniture,Furnishings,
B-25673,₹37.0,(5.0),3.0,clothing,T-shirt,
B-25862,80.0,3.0,3.0,Clothing,Stoles,
B-25959,32.0,2.0,2.0,Clothing,Kurti,
B-25896,287.0,66.0,6.0,Cloth.,Kurti,
B-25714,11.0,-5.0,2.0,Clothing,HANKERCHIEF,
B-25850,916.0,192.0,11.0,Elect.,Phones,
B-25699,34.0,-13.0,5.0,Clothing,Leggings,
B-25950,₹1622.0,95.0,5.0,Electronics,Printers,
B-26032,"47,0",15.0,5.0,Clothing,Saree,10%
B-25755,37.0 INR,-53.0,3.0,CLOTHING,Saree,
,,,,,,
B-25873,1275.0,357.0,2.0,Electronics,Phones,
B-25693,82.0,-39.0,5.0,Clothing,T-shirt,
B-25943,48.0,20.0,4.0,Clothing,Stole,
B-25667,344.0,-34.0,3.0,Clothing,Saree,
B-25655,9.0,-6.0,2.0,Clothing,Skirt,
B-25851,135.0,(54.0),5.0,CLOTHING,Kurti,
B-25745,44.0,-8.0,3.0,Clothing,Stole,
B-25845,82.0 INR,(33.0),4.0,Clothing,Kurti,
B-25979,82.0,27.0,3.0,Clothing,Kurti,
B-25793,40.0,-33.0,5.0,Clothing,Hankerchief,
B-26073,290.0,(110.0),9.0,Clothing,Stole,
B-25951,102.0,13.0,2.0,Clothing,Stole,
B-25951,40.0,18.0,1.0,Electronics,Accessories,None
B-26072,"313,0",44.0,3.0,Electronics,Electronic Games,
B-25969,₹2452.0,191.0,7.0,Furniture,Bookcases,
B-25669,610.0,-66.0,2.0,Furniture,Tables,
B-25611,"160,0",-59.0,2.0,Clothng,Saree,
B-25858,82.0,13.0,2.0,clothing,Shirt,10%
B-25770,287.0,-280.0,12.0,Furniture,Chairs,
B-26097,14.0,5.0,1.0,Clothing,Hankerchief,
B-26062,50.0,-17.0,2.0,CLOTHING,Stole,
B-25640,314.0 INR,-239.0,13.0,Clothing,HANKERCHIEF,
B-26055,57.0,7.0,2.0,Clothing,Shirt,
B-25900,15.0 INR,2.0,1.0,Clothing,Leggings,
B-25792,74.0,-25.0,3.0,Clothing,Stole,
B-26056,15.0,6.0,2.0,Clothing,Hankerchief,
B-25858,₹294.0,109.0,7.0,Electronics,Accessories,
B-25683,148.0,52.0,5.0,Clothing,Stole,
B-25603,116.0 INR,16.0,4.0,Clothing,stole,
B-25703,47.0,(27.0),4.0,Clothing,Saree,
B-25801,₹64.0,6.0,4.0,Clothing,Saree,5%
B-25738,1069.0,(0.0),6.0,CLOTHING,Saree,
B-26043,79.0,5.0,6.0,Clothing,Hankerchief,
B-25656,61.0,-23.0,2.0,Clothing,Saree,
B-25883,₹127.0,29.0%,3.0,Furniture,Furnishings,
B-25606,87.0,4.0,2.0,Clothing,Shirt,
B-25818,"28,0",14.0,4.0,Clothing,Hankerchief,
B-25988,79.0,24.0,9.0,Clothing,Skirt,
B-25881,37.0,3.0,3.0,Clothing,Hankerchief,
B-26029,21.0,10.0,1.0,Clothing,T-shirt,
B-25791,565.0,66.0,7.0,Clothing,Saree,
B-26093,2847.0,712.0,8.0,Electronics,Printes,
B-25838,81.0,19.0%,7.0,Clothing,Hankerchief,
B-25924,148.0,54.0,2.0,Furniture,Chairs,
B-25662,24.0,(2.0),2.0,Clothing,T-shirt,
B-25932,71.0 INR,-14.0,4.0,Furniture,Furnishings,10%
B-25843,45.0,0.0,2.0,Clothing,Stole,
B-25771,"148,0",59.0,3.0,Clothing,Hankerchief,
B-25960,171.0,-140.0,2.0,Furniture,BOOKCASES,
B-25757,165.0,30.0,3.0,Clothing,Stole,
B-25888,₹646.0,213.0,3.0,Electronics,Electronic Games,
B-25854,149.0,(48.0),6.0,Clothing,STOLE,
B-25687,357.0,(139.0),2.0,Clothing,SAREE,
B-25607,50.0,15.0,4.0,Clothing,leggings,
B-26052,774.0,170.0,3.0,Electronics,Accessories,
B-25755,"47,0",(3.0),2.0,Clothing,Stole,
B-25997,₹48.0,15.0,1.0,Clothing,Hankerchief,
B-25696,887.0,80.0,3.0,electronics,Printers,
B-25923,253.0,-11.0,1.0,Clothing,Trousers,
B-26003,1745.0,(122.0),2.0,Furniture,Tables,
B-25738,70.0,-14.0,2.0,Furniture,Furnishings,
B-25869,86.0,9.0,3.0,Clothing,Saree,
B-26082,95.0,5.0,2.0,Clothing,Stole,
B-25717,90.0,17.0,3.0,Clothing,Shirt,
B-25857,324.0,39.0,8.0,Electronics,Accessories,
B-26052,101.0,(16.0),4.0,Clothing,T-shirt,
B-25651,457.0 INR,-41.0,4.0,Clothing,Saree,
B-25893,83.0 INR,12.0,3.0,clothing,Stole,
B-25978,1063.0,-175.0,4.0,Electronics,Electronic Games,
B-26064,22.0,0.0,2.0,Clothing,Saree,
B-25638,154.0,39.0,3.0,Clothing,Hankerchief,
B-26097,19.0 INR,8.0,2.0,CLOTHING,Hankerchief,
B-25710,10.0,-1.0,1.0,Clothing,leggings,
B-26014,278.0,39.0,5.0,Furniture,Chairs,
B-25756,204.0,-276.0,3.0,Furniture,Book Cases,
B-25651,200.0,-60.0,4.0,Furniture,Bookcases,
B-25953,744.0,(119.0),6.0,Electronics,Printers,
B-25964,1270.0,546.0,11.0,Electronics,Elec. Games,
B-25980,22.0,11.0,3.0,Clothing,Kurti,
B-26042,36.0,15.0,3.0,Clothing,Stole,
B-25890,465.0,207.0,9.0,Clothing,Saree,
B-26089,139.0,14.0,3.0,Clothing,Kurti,
B-25979,57.0,27.0,2.0,Clothing,Shirt,
