Order ID,Order Date,CustomerName,State,City,Notes,Sales_Rep
B-25680,04-06-2018,Aayushi,Madhya Pradesh,Indore,,
B-25917,21-12-2018,Sanjay,maharashtra,Mumbai,,
B-26086,26/03/2019,Mukesh,Haryana,Chandigarh,,
B-25997,2019-02-04,Yogesh,Madhya Pradesh,INDORE,,
B-25768,01-09-2018,Shreyoshe,Karnataka,Bangalore,,
B-26094 ,27-03-2019,Deepak,Madhya Pradesh,Bhopal,,
B-25664,05/20/2018,Pratyusmita,Bihar,Patna,,
B-25786,19/09/2018,,karnataka,Bangalore,,
B-25685,06/10/2018,Sheetal,Madhya Pradesh,INDORE,,
B-25725,20-07-2018,Anisha,Nagaland,Kohima,,
B-25674,28-05-2018,Mahima,Maharashtra,Pune,,
B-25885,28-11-2018,Shatayu,Madhya Pradesh,Indore,,
B-25732,27-07-2018,Anubhaw,Karnataka,Bangalore,,
B-25669 ,25-05-2018,Piyali,Sikkim,Gangtok,,
B-25671,27/05/2018,Mitali,Nagaland,Kohima,,
B-26073,21-03-2019,  Pournamasi  ,Madhya Pradesh,Indore,,
0B-25848,03-11-2018,Rohan,Himachal Pradesh,Simla,,
B-25631,24/04/2018,Ritu,Haryana,CHANDIGARH,,Amit
B-25610,09-04-2018,Yogesh,Bihar,Patna,,
B-25656,11/05/2018,Priyanka,Maharashtra,Pune,,
B-25922,26-12-2018,Akshata,gujarat,Surat,,
B-26007,02/09/2019,Shubham,Jammu and Kashmir,Kashmir,,
B-26076,21/03/2019,Jahan,Madhya Pradesh,Bhopal,,
B-26001,07/02/2019,  Patil  ,Delhi,Delhi,Urgent,
B-25773,06-09-2018,Shreya,Kerala ,Thiruvananthapuram,,
B-25977,27-01-2019,  Aayushi  ,Gujarat,Surat,,
B-26083,24-03-2019,Yogesh,Bihar,Patna,,
B-25869,19-11-2018,Parakh,Nagaland,Kohima,,
B-25741,03/08/2018,Navdeep,Madhya Pradesh,Indore,,
B-25830,26-10-2018,Aastha,HimachalPradesh,Simla,,
B-26050,06-03-2019,Paridhi,RAJASTHAN,Jaipur,,
B-25781,14/09/2018,Rutuja,Gujarat,AHMEDABAD,Pending,Sneha
B-25673,28-05-2018,  Arsheen  ,Gujarat,AHMEDABAD,,
B-25876,24/11/2018,Bhosale,Punjab,Amritsar,,
B-25832,10/28/2018,Harshita,Maharashtra,Mumbai,,
0B-25809,09-10-2018,  Suman  ,Kerala ,Thiruvananthapuram,,
B-25921,25/12/2018,  Sandra  ,Punjab,Amritsar,,
B-25655 ,11-05-2018,Nida,Madhya Pradesh,INDORE,,
B-25754 ,18-08-2018,Akshay,Bihar,Patna,,
B-26051,07/03/2019,Parishi,West Bengal,KOLKATA,,Amit
0B-25835,29-10-2018,Moumita,Gujarat,AHMEDABAD,,
B-26024,19-02-2019,Vandana,HimachalPradesh,Simla,,
B-25603,03-04-2018,Jahan,Madhya Pradesh,bhopal,,
0B-26004,08-02-2019,Nandita,Rajasthan,Jaipur,,
B-25902,12/10/2018,Ishpreet,Maharashtra,Mumbai,,
B-26016,14/02/2019,Hazel,Karnataka,Bangalore,,
B-25925,29-12-2018,Shruti,MAHARASHTRA,MUMBAI,,
B-25968,21-01-2019,Paromita,punjab,Amritsar,,
B-25851,06/11/2018,Kushal,Nagaland,Kohima,,
0B-25718,12-07-2018,Anjali,maharashtra,Mumbai,,
B-25677,02-06-2018,Ekta,West Bengal,Kolkata,,
B-26092,27-03-2019,,Gujarat,Ahmedabad,,
B-25812,10-10-2018,Kshitij,MP,Indore,,
0B-25705,30-06-2018,  Shweta  ,Madhya Pradesh,Indore,,
B-25634,2018-04-26,Sanjay,Goa,Goa,,
0B-25679,04-06-2018,Avni,Maharastra,N/A,,
B-25683,08-06-2018,Shreya,Kerala ,Thiruvananthapuram,,
B-26070,03/18/2019,Shruti,Karnataka,Bangalore,,
B-25892,04-12-2018,Aditi,Rajasthan,Udaipur,,
0B-25601 ,01/04/2018,  Bharat  ,Gujarat,AHMEDABAD,,Amit
B-25810,2018-10-10,Nripraj,punjab,chandigarh,,
B-25612,2018-04-12,Shrichand,Punjab,chandigarh,,
B-25829,25-10-2018,Apoorva,Haryana,CHANDIGARH,,
B-26048,04-03-2019,Parth,Maharashtra,Pune,,
B-25623,2018-04-22,Atharv,W.B.,Kolkata,,
B-26093,27-03-2019,Sarita,Maharashtra,PUNE,,
B-25678,06/03/2018,Bathina,Karnataka,Bangalore,,
B-25694,18-06-2018,Subhasmita,Rajasthan,Jaipur,,
B-26035,02/23/2019,Pinky,Jammu and Kashmir,kashmir,,
B-25816,12/10/2018,Mane,Andhra Pradesh,Hyderabad,,
B-25733,2018-07-28,Dhirajendu,Maharashtra,MUMBAI,,
B-25619,18-04-2018,Ramesh,Gujarat,AHMEDABAD,,
0B-25939,05-01-2019,Vineet,Sikkim,Gangtok,,
B-25755,08/19/2018,Shourya,Kerala ,Thiruvananthapuram,,
B-26011,12/02/2019,Bharat,Gujarat,Ahmedabad,,
B-25691,TBD,Akancha,Maharashtra,MUMBAI,,Priya
0B-25640,27-04-2018,Paridhi,Rajasthan,Jaipur,,
0B-26095,28-03-2019,Monisha,Rajasthan,Jaipur,,
B-25647,03-05-2018,Sharda,Kerala ,Thiruvananthapuram,,
B-25995,04-02-2019,Yohann,Delhi,Delhi,,
B-25795,24-09-2018,Sukant,Sikkim,Gangtok,,
B-25957,18-01-2019,Mahima,Madhya Pradesh,Indore,,
B-25879,24-11-2018,Siddharth,Madhya Pradesh,Indore,,
B-25881,25/11/2018,  Pooja  ,Uttar Pradesh,Allahabad,VIP,
B-25782,15-09-2018,Aayushi,Maharashtra,Mumbai,,
B-25873 ,23-11-2018,  Divyeta  ,Madhya Pradesh,indore,,
B-26040,26-02-2019,Sahil,Punjab,Chandigarh,,
B-25777,2018-09-10,  Aditi  ,Madhya Pradesh,Indore,,
B-25670,25-05-2018,Charika,Goa,Goa,,
B-26058,11-03-2019,Aditya,Punjab,Chandigarh,,
B-25898,2018-12-07,Abhishek,Rajasthan,Udaipur,,
0B-26017,14-02-2019,  Sonakshi  ,JammuKashmir,kashmir,,
B-25702,27-06-2018,Shaily,MAHARASHTRA,mumbai,,
B-26088,26-03-2019,Bhavna,Sikkim,Gangtok,,
B-25805 ,05-10-2018,Ankit,MAHARASHTRA,MUMBAI,,
0B-25900,09-12-2018,Anand,Punjab,amritsar,,
0B-25926,30/12/2018,,Madhya Pradesh,Indore,,
B-26100,31-03-2019,Hitika,madhya pradesh,Indore,,
B-25793,24-09-2018,  Siddharth  ,Madhya Pradesh,INDORE,,
B-25915,19-12-2018,Sukruta,Punjab,Amritsar,,
0B-25783,09/15/2018,Shivangi,Madhya Pradesh,indore,,
B-25998,04-02-2019,Anmol,Rajasthan,Udaipur,,
B-25948,13-01-2019,Mukund,Maharashtra,Pune,,
B-25738,02-08-2018,Ayush,punjab,chandigarh,,
B-26087,26-03-2019,Vandana,Himachal Pradesh,SIMLA,,
B-26052,2019-03-08,Ajay,Karnataka,Bangalore,,
B-26012,13-02-2019,Pearl,Maharashtra,Pune,,
B-26039,25-02-2019,Hemant,Kerala ,THIRUVANANTHAPURAM,,
0B-25952,13-01-2019,Priyanka,Madhya Pradesh,Indore,,
B-25687,11-06-2018,Sanjna,Maharashtra,Mumbai,,
B-25676,01/06/2018,Chandni,Rajasthan,Jaipur,,Ravi
B-26062,15-03-2019,Tushina,Goa,goa,,
B-25616,15/04/2018,Kanak,Goa,Goa,,Amit
B-25875,24-11-2018,Divyeshkumar,Uttar Pradesh,Allahabad,,
B-26063,03/15/2019,Farah,NAGALAND,KOHIMA,,
B-25992 ,03-02-2019,Gaurav,Rajasthan,Udaipur,,
B-25620,20-04-2018,Sarita,Maharashtra,Pune,,
B-25934,04-01-2019,Rahul,Madhya Pradesh,Indore,,
B-25937,01/05/2019,  Ankit  ,Haryana,CHANDIGARH,,
B-25657,05/13/2018,  Tulika  ,Madhya Pradesh,bhopal,,
B-26045,03-03-2019,Nidhi,Nagaland,KOHIMA,,
B-26099,30-03-2019,Bhishm,Maharashtra,MUMBAI,,
B-25838,29-10-2018,Sanjana,Madhya Pradesh,Indore,,
B-25936,05/01/2019,Nikhil,Punjab,chandigarh,,
B-25984,30-01-2019,Kajal,Delhi,Delhi,,
B-26084,03/25/2019,Anita,Kerala ,Thiruvananthapuram,,
0B-26030,2019-02-21,Sarita,Maharashtra,Pune,,
B-25749,13-08-2018,Ayush,Maharashtra,Mumbai,,
B-25626,23/04/2018,Bhishm,Maharashtra,Mumbai,,
B-25856 ,10/11/2018,Abhijeet,Maharashtra,Mumbai,,Amit
B-25643,04/29/2018,Kirti,Jammu and Kashmir,KASHMIR,,
B-25993,02/03/2019,  Harshal  ,Delhi,Delhi,,
0B-25796,24/09/2018,Sukrith,Maharashtra,Mumbai,,Sneha
B-25882,26-11-2018,Masurkar,Punjab,amritsar,,
B-25727,07/22/2018,Turumella,Madhya Pradesh,INDORE,,
B-26096,28/03/2019,Atharv,West Bengal,Kolkata,,Ravi
B-25632,25-04-2018,Manish,Himachal Pradesh,Simla,,
B-25714,09-07-2018,Stuti,Karnataka,Bangalore,,
B-25953,2019-01-14,  Krutika  ,Andhra Pradesh,Hyderabad,,
B-25811,10/10/2018,Utsav,Maharashtra,MUMBAI,,Sneha
B-25908,12-12-2018,Pradeep,Delhi,Delhi,,
B-25658,14-05-2018,Shefali,Rajasthan,Jaipur,,
B-25963,19-01-2019,Pratiksha,Maharashtra,N/A,,
B-25625,23-04-2018,  Pinky  ,Jammu and Kashmir,KASHMIR,,
B-25618 ,18-04-2018,Manju,Andhra Pradesh,Hyderabad,,
B-25850,05-11-2018,Abhishek,Goa,Goa,,
B-25667,2018-05-23,Anjali,Haryana,CHANDIGARH,,
B-25849,04-11-2018,  K  ,Sikkim,Gangtok,,
B-25756,20/08/2018,Mohan,MAHARASHTRA,mumbai,,
B-25695,18-06-2018,Suhani,West Bengal,Kolkata,,
B-25846,03/11/2018,Soodesh,Punjab,chandigarh,,
B-26033,22-02-2019,  Atharv  ,West Bengal,KOLKATA,,
B-25624,22-04-2018,Vini,Karnataka,Bangalore,,
B-25918,22-12-2018,Karandeep,Madhya Pradesh,indore,,
B-26080,22-03-2019,Sonakshi,Jammu and Kashmir,kashmir,,
B-25924 ,28-12-2018,Prajakta,karnataka,Bangalore,,
B-25606,06/04/2018,Hazel,Karnatka,Bangalore,,
B-25717,12-07-2018,Manshul,UP,Lucknow,,
B-25646,01/05/2018,Sonal,Bihar,Patna,,Amit
B-25851 ,06/11/2018,Kushal,Nagaland,Kohima,,
B-25617,17-04-2018,  Sagar  ,Nagaland,Kohima,,
B-26071,19/03/2019,Subhashree,Jammu and Kashmir,kashmir,,
B-25962,19-01-2019,Tejeswini,Maharashtra,Pune,,
B-25604,03-04-2018,Divsha,Rajasthan,Jaipur,,
B-25961,18/01/2019,  Surbhi  ,Gujarat,AHMEDABAD,Review,Amit
B-26021,17/02/2019,Anita,Kerala ,THIRUVANANTHAPURAM,Review,Sneha
B-25661,17/05/2018,Subhashree,Jammu and Kashmir,KASHMIR,,Amit
B-25711,06/07/2018,Sakshi,MadhyaPradesh,bhopal,,
B-25923,12/27/2018,Vishakha,Maharashtra,Mumbai,,
B-25867,11/17/2018,Ankit,sikkim,Gangtok,,
B-25630,24-04-2018,Sahil,Punjab,chandigarh,,
B-26081,22/03/2019,  Aarushi  ,Tamil Nadu,CHENNAI,Review,Priya
B-25774,07-09-2018,Snehal,Punjab,chandigarh,,
0B-25627,23-04-2018,Hitika,Madhya Pradesh,Indore,,
B-25608,04/08/2018,Aarushi,Tamil Nadu,Chennai,,
B-26061,14/03/2019,Anurag,Madhya Pradesh,Indore,VIP,
B-25709,01-07-2018,Aakanksha,Madhya Pradesh,INDORE,,
B-25638,26-04-2018,Parth,Maharashtra,Pune,,
B-25758,22-08-2018,Shubham,Himachal Pradesh,Simla,,
B-26075,21-03-2019,Pearl,Maharashtra,PUNE,,
B-25719,12-07-2018,Rashmi,Madhya Pradesh,Indore,,
B-25715,10-07-2018,Srishti,Jammu and Kashmir,KASHMIR,,
B-25776,09/09/2018,Mousam,MAHARASHTRA,Mumbai,,
B-25866,16/11/2018,Komal,Himachal Pradesh,Simla,,
B-26015,14-02-2019,Kasheen,West Bengal,KOLKATA,,
B-25745,09-08-2018,  Kartik  ,Gujarat,AHMEDABAD,,
B-25975 ,2019-01-25,Priyanka,Uttar Pradesh,Allahabad,,
B-26041,27/02/2019,  Ritu  ,Haryana,Chandigarh,Pending,
B-25804,10/05/2018,Sudheer,Karnataka,Bangalore,,
B-25823,TBD,Rohan,Maharashtra,MUMBAI,,
B-25826,22/10/2018,Tanushree,Maharashtra,Mumbai,,Ravi
B-26053,09-03-2019,Kirti,Jammu and Kashmir,kashmir,,
B-25742,03-08-2018,Ashwin,goa,Goa,,
B-25971,22/01/2019,Mitali,Madhya Pradesh,Indore,,
B-25668,24-05-2018,Rhea,Himachal Pradesh,Simla,,
B-25819,15-10-2018,Ankur,Madhya Pradesh,bhopal,,
B-25769,09/02/2018,  Surbhi  ,Maharashtra,MUMBAI,,
B-25607,06-04-2018,Sonakshi,Jammu and Kashmir,KASHMIR,,
B-25982,29-01-2019,Hemangi,Delhi,Delhi,,
B-25821,16/10/2018,Ajay,West Bengal,Kolkata,Urgent,
B-25794,24-09-2018,Aditya,Himachal Pradesh,Simla,,
B-25872,22-11-2018,Saurabh,Maharashtra,Mumbai,,
B-25710,05-07-2018,Megha,Maharashtra,Pune,,
B-25958 ,01/18/2019,Aparajita,West Bengal,Kolkata,,
B-25746,10/08/2018,Shivam,Maharastra,Pune,,
B-25693,18-06-2018,Parna,Madhya Pradesh,bhopal,,
B-25753,17-08-2018,  Shivam  ,Uttar Pradesh,Lucknow,,
B-25828,24-10-2018,Nikita,punjab,chandigarh,,
B-25839 ,10/30/2018,Pranjali,West Bengal,Kolkata,,
B-25684,09-06-2018,Samiksha,Maharashtra,mumbai,,
B-25854,2018-11-08,Shubham,Maharashtra,Pune,,
B-25766,30/08/2018,Surabhi,Rajsthan,Jaipur,,Priya
B-25764,28-08-2018,Sanjova,Maharashtra,Pune,,
B-25800,01-10-2018,Ishit,Maharashtra,Pune,,
B-25941 ,07/01/2019,Jaideep,Nagaland,Kohima,,
B-25675,31-05-2018,Shreya,Madhya Pradesh,bhopal,,
0B-25913,17-12-2018,  Geetanjali  ,MadhyaPradesh,DELHI,,
B-25845,03-11-2018,Snel,Kerala ,Thiruvananthapuram,,
B-26078,22-03-2019,Kasheen,West Bengal,Kolkata,,
B-25720 ,07/15/2018,Namrata,Punjab,chandigarh,,
B-26057,10-03-2019,  Sharda  ,,THIRUVANANTHAPURAM,,
B-26013,13-02-2019,Jahan,MP,Bhopal,,
B-25863,15-11-2018,Manibalan,Kerala ,Thiruvananthapuram,,
B-25959,18-01-2019,Muskan,Madhya Pradesh,Indore,,
B-26006,09/02/2019,Arpita,Karnataka,Bangalore,,Amit
B-25906,11/12/2018,Abhijit,Delhi,Delhi,,
B-26023,19-02-2019,Mukesh,Haryana,Chandigarh,,
B-25932,04-01-2019,Bhutekar,Madhya Pradesh,Indore,,
B-25989,01-02-2019,Anjali,Delhi,Delhi,,
B-25878,24-11-2018,Mrinal,MAHARASHTRA,Mumbai,,
B-25637,26-04-2018,Ashmi,Madhya Pradesh,INDORE,,
B-25797,09/30/2018,Sauptik,Madhya Pradesh,Indore,,
B-25740,03-08-2018,Rane,Maharashtra,Mumbai,,
B-25970,22-01-2019,Rhea,Maharashtra,Mumbai,,
B-26074,2019-03-21,Bharat,Gujarat,Ahmedabad,,
B-25981,28/01/2019,Amruta,Delhi,delhi,Pending,
B-25890 ,04-12-2018,Divyansha,Maharashtra,Mumbai,,
B-25660,16-05-2018,Shruti,Karnataka,Bangalore,,
B-25712,07-07-2018,Adhvaita,Rajasthan,Jaipur,,
B-25690,15-06-2018,Gunjan,Madhya Pradesh,Indore,,
B-25897,06-12-2018,  Rohan  ,MadhyaPradesh,Indore,,
B-25607,06-04-2018,Sonakshi,Jammu and Kashmir,KASHMIR,,
B-25966,21/01/2019,Soumya,Rajasthan,Udaipur,,
B-25950,13-01-2019,Shruti,Madhya Pradesh,Indore,,
B-25943,09-01-2019,Shardul,Gujarat,AHMEDABAD,,
B-25759,23-08-2018,Soumya,Sikkim,Gangtok,,
B-25751,14/08/2018,Nishant,Maharashtra,MUMBAI,,Sneha
B-25778,11-09-2018,Surabhi,Maharashtra,Mumbai,,
B-26000,02/06/2019,Shubham,Delhi,Delhi,,
B-25785,15-09-2018,  Ayush  ,W.B.,Kolkata,,
0B-25887,2018-12-01,Vedant,Uttar Pradesh,Allahabad,,
B-25611,11/04/2018,Anita,Kerala ,Thiruvananthapuram,,
B-25987,31-01-2019,Manjiri,delhi,Delhi,,
B-25704,29-06-2018,Riya,Maharashtra,Mumbai,,
B-25682,07-06-2018,Krutika,Bihar,Patna,,
B-25639,27-04-2018,Lisha,Madhya Pradesh,bhopal,,
B-25919,23-12-2018,Neha,Rajasthan,UDAIPUR,,
B-25799,2018-10-01,Divyansh,Gujarat,AHMEDABAD,,
B-25862,15-11-2018,Amol,Bihar,Patna,,
B-25747,11-08-2018,Harsh,Madhya Pradesh,bhopal,,
B-25999,05-02-2019,Diwakar,Delhi,delhi,,
B-25748,08/12/2018,Nitant,Rajasthan,Jaipur,,
B-25911,15/12/2018,Phalguni,Madhya Pradesh,Bhopal,,
B-25891,04/12/2018,Shivani,Madhya Pradesh,indore,,
B-25724,19-07-2018,Sheetal,Madhya Pradesh,Indore,,
B-25974,25-01-2019,Manisha,Rajasthan,Udaipur,,
B-25697,22-06-2018,  Vijay  ,Jammu and Kashmir,KASHMIR,,
0B-25744,2018-08-08,Devendra,Andhra Pradesh,Hyderabad,,
B-25840,31-10-2018,Sneha,karnataka,Bangalore,,
B-26079,22-03-2019,Hazel,Karnataka,Bangalore,,
B-25698,23-06-2018,Amisha,T.N.,Chennai,,
B-25955,16-01-2019,Soumya,Maharashtra,PUNE,,
B-25723,18-07-2018,Wale,Maharashtra,Mumbai,,
B-25784,15-09-2018,Rohit,Rajasthan,Jaipur,,
B-25803,05-10-2018,Shivanshu,Madhya Pradesh,Indore,,
B-25847,03-11-2018,Aniket,Haryana,CHANDIGARH,,
B-26022,18-02-2019,Shrichand,Punjab,Chandigarh,,
B-25903,10-12-2018,Amlan,Madhya Pradesh,Indore,,
B-25956,17/01/2019,Shreya,Maharashtra,Mumbai,,
B-25905,11-12-2018,  Bhargav  ,Madhya Pradesh,Delhi,,
B-26035,02/23/2019,Pinky,Jammu and Kashmir,kashmir,,
B-25888,12/02/2018,Rohan,PUNJAB,Amritsar,,
B-25726,21/07/2018,Kiran,Maharashtra,Mumbai,,
B-26055,10-03-2019,Yaanvi,Madhya Pradesh,Indore,,
B-25824,20-10-2018,Shyam,Madhya Pradesh,Indore,,
B-26025,19-02-2019,  Bhavna  ,,Gangtok,,
B-25820,16-10-2018,Dheeraj,Rajasthan,Jaipur,,
B-25730,22-07-2018,Rishabh,Rajasthan,Jaipur,,
B-26027,20-02-2019,Sagar,Nagaland,KOHIMA,,
B-26003,08-02-2019,Hitesh,Madhya Pradesh,BHOPAL,,
B-25933,04-01-2019,Shikhar,Maharashtra,Mumbai,,
B-25983,30-01-2019,Atul,Delhi,Delhi,,
B-26008,2019-02-09,Kalyani,Tamil Nadu,chennai,,
B-26077 ,03/22/2019,Divsha,Rajasthan,Jaipur,,
B-25899,08-12-2018,Aishwarya,Uttar Pradesh,Allahabad,,
B-25895,12/04/2018,Sathya,Gujarat,SURAT,,
B-25972,01/23/2019,Jesslyn,Rajasthan,udaipur,,
0B-25991,03/02/2019,Mansi,Madhya Pradesh,INDORE,,Amit
B-25713,07/08/2018,  Raksha  ,W.B.,Kolkata,,
B-25780,13-09-2018,Teena,Andhra Pradesh,Hyderabad,,
B-25912,16-12-2018,Preksha,Delhi,Delhi,,
B-26037,23-02-2019,Hitika,Madhya Pradesh,Indore,,
B-25935,04-01-2019,Sudhir,NAGALAND,Kohima,,
B-26090,27-03-2019,Sagar,Nagaland,Kohima,,
0B-25965,01/21/2019,Saloni,West Bengal,Kolkata,,
B-25834,29-10-2018,Ananya,Andhra Pradesh,Hyderabad,,
B-26047,04-03-2019,Ashmi,Madhya Pradesh,Indore,,
B-25765,29-08-2018,Meghana,Madhya Pradesh,bhopal,,
B-25737 ,01-08-2018,  Shubham  ,Madhya Pradesh,Indore,,
B-25798,01-10-2018,Shishu,Andhra Pradesh,Hyderabad,,
B-25859,14-11-2018,Chikku,Madhya Pradesh,INDORE,,
B-25833,29-10-2018,  Krishna  ,Madhya Pradesh,Indore,,
B-25716,11/07/2018,Surabhi,Tamil Nadu,Chennai,,
B-25721,16/07/2018,  Anchal  ,Haryana,CHANDIGARH,Review,Priya
B-25954,14-01-2019,Trupti,Gujarat,ahmedabad,,
B-25825,10/21/2018,  Kartik  ,MadhyaPradesh,Indore,,
B-26009 ,10-02-2019,  Komal  ,UttarPradesh,LUCKNOW,,
B-25942,2019-01-08,Ankur,Andhra Pradesh,Hyderabad,,
B-25728,22-07-2018,Ameesha,Maharashtra,Pune,,
B-25886,28/11/2018,Brijesh,Rajasthan,Udaipur,,Sneha
B-26018,14-02-2019,Aarushi,Tamil Nadu,Chennai,,
B-25708,01-07-2018,Kishwar,Madhya Pradesh,Indore,,
B-25976,25/01/2019,Piyam,Punjab,Amritsar,,Sneha
B-25930,01/03/2019,Monica,Punjab,Chandigarh,,
B-25734,07/29/2018,Pranav,Madhya Pradesh,Indore,,
B-25969,21-01-2019,  Shreyshi  ,Gujarat,Surat,,
B-25645,2018-05-01,Yaanvi,Madhya Pradesh,Indore,,
0B-26069,17-03-2019,Sanskriti,WestBengal,KOLKATA,,
0B-25666,22/05/2018,Tanvi,Punjab,chandigarh,,
B-25884,28-11-2018,Sumeet,Maharashtra,Mumbai,,
B-25686 ,11/06/2018,Pooja,Himachal Pradesh,Simla,,
B-25843,2018-11-03,Mrunal,Maharashtra,Mumbai,,
B-25787,20-09-2018,Asish,Jammu and Kashmir,KASHMIR,,
B-26026 ,19/02/2019,Kanak,Goa,goa,,
B-25760,24-08-2018,Pooja,Goa,Goa,,
B-25613,12-04-2018,Mukesh,Haryana,CHANDIGARH,,
B-25636,26/04/2018,Nishi,Maharastra,Mumbai,,
B-25629,04/24/2018,Hemant,Kerala ,Thiruvananthapuram,,
B-25771 ,02/09/2018,Vaibhavi,Uttar Pradesh,Lucknow,,
B-25743,07-08-2018,Aman,Nagaland,Kohima,,
B-26005,08-02-2019,Parnavi,West Bengal,Kolkata,,
B-25947,13-01-2019,Chetan,Gujarat,Ahmedabad,,
0B-25822 ,18-10-2018,Tejas,Karnataka,Bangalore,,
B-25696,21/06/2018,Noopur,Karnataka,Bangalore,,
B-25652 ,08-05-2018,Tushina,Goa,Goa,,
B-25841,01/11/2018,  Ashvini  ,Maharashtra,MUMBAI,Pending,Ravi
0B-25978,27-01-2019,Parin,MAHARASHTRA,Mumbai,,
B-25985,31-01-2019,  Ginny  ,Madhya Pradesh,INDORE,,
B-25779,12-09-2018,Savi,Madhya Pradesh,Indore,,
B-25642,28-04-2018,Ajay,Karnataka,Bangalore,,
0B-26043 ,01-03-2019,Amit,Sikkim,Gangtok,,
B-25994,03-02-2019,Omkar,Delhi,Delhi,,
B-25807,07-10-2018,Vipul,UP,Lucknow,,
B-25883,27-11-2018,Saptadeep,Gujarat,SURAT,,
B-25855,08-11-2018,Abhijeet,madhya pradesh,bhopal,,
B-26019,2019-02-15,Jitesh,Uttar Pradesh,Lucknow,,
B-25605,05-04-2018,Kasheen,W.B.,Kolkata,,
B-25857,10-11-2018,  Anand  ,Madhya Pradesh,Indore,,
0B-26056,10/03/2019,Sonal,Bihar,Patna,,
B-25701,26/06/2018,Maithilee,Madhya Pradesh,Indore,Review,
B-25827,23-10-2018,Sheetal,Madhya Pradesh,Indore,,
B-26034,23-02-2019,Vini,Karnataka,Bangalore,,
B-25814,10-10-2018,Swapnil,Madhya Pradesh,Indore,,
B-26029,20-02-2019,Ramesh,Gujarat,Ahmedabad,,
B-25772,02-09-2018,Sanjana,Bihar,Patna,,
B-25699,06/24/2018,Kritika,Uttar Pradesh,Lucknow,,
B-25893,04-12-2018,Aashna,Uttar Pradesh,Allahabad,,
B-25816,12/10/2018,Mane,Andhra Pradesh,Hyderabad,,
B-25662,17-05-2018,Sweta,MAHARASHTRA,Mumbai,,
B-25648,04-05-2018,Aditya,Punjab,chandigarh,,
B-25633,26-04-2018,  Amit  ,Sikkim,Gangtok,,
B-25868,18-11-2018,Vikash,Goa,Goa,,
B-25928,01-01-2019,Smriti,Bihar,Patna,,
B-25801,01/10/2018,  Aryan  ,madhya pradesh,bhopal,VIP,
B-26054,10-03-2019,Mayank,Maharashtra,Mumbai,,
B-25628,24-04-2018,Pooja,Bihar,Patna,,
B-25996,04/02/2019,Prashant,Delhi,Delhi,,
B-25831,27/10/2018,Mahima,Sikkim,Gangtok,,
0B-25861,15/11/2018,Aayush,Uttar Pradesh,Lucknow,Review,
B-25979,01/27/2019,Shivangi,MP,INDORE,,
B-25889,03-12-2018,  Abhishek  ,Gujarat,SURAT,,
B-25763,27-08-2018,Noshiba,GUJARAT,AHMEDABAD,,
B-26032,22-02-2019,Monisha,Rajasthan,Jaipur,,
B-25739,03-08-2018,Daksh,Haryana,CHANDIGARH,,
B-25663,19-05-2018,Pournamasi,Madhya Pradesh,Indore,,
B-25736,31/07/2018,Akshat,Maharashtra,Mumbai,,Sneha
B-25729,22-07-2018,  Madhulika  ,Madhya Pradesh,bhopal,,
B-26085,2019-03-26,Shrichand,Punjab,Chandigarh,,
B-25609,09-04-2018,  Jitesh  ,UP,Lucknow,,
B-25927,31-12-2018,Shreya,Uttar Pradesh,lucknow,,
B-26072,20-03-2019,Sweta,Maharastra,Mumbai,,
B-25665,21-05-2018,  Chayanika  ,Kerala ,Thiruvananthapuram,,
B-25901,10/12/2018,Suraj,Gujarat,SURAT,Review,Priya
B-25615,04/15/2018,Bhavna,Sikkim,Gangtok,,
0B-25757,21-08-2018,Mohit,Madhya Pradesh,INDORE,,
B-25641,27/04/2018,  Parishi  ,West Bengal,Kolkata,,
B-25980,27-01-2019,Shweta,Rajasthan,Udaipur,,
B-26068,16-03-2019,Shefali,Rajasthan,Jaipur,,
B-26010,11-02-2019,Kartikay,Bihar,Patna,,
B-25817,13-10-2018,  Praneet  ,Maharashtra,MUMBAI,,
B-25880,24-11-2018,Apoorv,Rajasthan,Udaipur,,
B-26042,02/28/2019,Manish,Himachal Pradesh,Simla,,
B-26038,24-02-2019,Pooja,Bihar,Patna,,
B-25938,05-01-2019,Shikhar,Himachal Pradesh,Simla,,
B-25837,29-10-2018,Palak,Maharashtra,mumbai,,
B-25808,08-10-2018,Apsingekar,Bihar,Patna,,
B-25813,10-10-2018,Hrisheekesh,Maharashtra,Mumbai,,
B-25896,05/12/2018,Aman,Maharashtra,Mumbai,,
B-26065,16-03-2019,  Nida  ,madhya pradesh,Indore,,
B-25852,07-11-2018,Soumyabrata,Andhra Pradesh,Hyderabad,,
B-26097,28-03-2019,  Vini  ,Karnataka,Bangalore,,
B-26066,16/03/2019,Priyanka,Maharastra,Pune,,Amit
B-25904,10-12-2018,Swapnil,delhi,Delhi,,
B-25951,13/01/2019,Jesal,West Bengal,Kolkata,,
B-25870,20-11-2018,Pranav,AP,Hyderabad,,
B-25802,05-10-2018,Yash,Maharashtra,Mumbai,,
B-25762,08/26/2018,Anudeep,Madhya Pradesh,Indore,,
B-25644,30-04-2018,Mayank,Maharashtra,Mumbai,,
B-25818,10/14/2018,Sandeep,Madhya Pradesh,Indore,,
B-26002,08-02-2019,Harsh,Delhi,Delhi,,
B-25791,24/09/2018,Avish,Kerala ,Thiruvananthapuram,,
B-25910,14-12-2018,Jay,Delhi,Delhi,,
B-25860,11/15/2018,Akshay,Tamil Nadu,Chennai,,
B-25706,01/07/2018,Swetlana,Goa,Goa,,Ravi
B-25654,10-05-2018,Sabah,Maharashtra,Mumbai,,
B-25990,02-02-2019,Mugdha,Delhi,delhi,,
B-25602,01-04-2018,Pearl,Maharashtra,Pune,,
B-26049,03/05/2019,  Lisha  ,MadhyaPradesh,Bhopal,,
B-26091,27/03/2019,Manju,Andhra Pradesh,Hyderabad,,
B-25650,05/06/2018,Chirag,Maharashtra,Mumbai,,
B-26020,16-02-2019,Yogesh,BIHAR,Patna,,
B-25681,04/06/2018,  Bhawna  ,Madhya Pradesh,Indore,Review,
B-25806,06/10/2018,Dhanraj,MP,Indore,,
B-25635 ,26-04-2018,Nidhi,Nagaland,Kohima,,
B-26031,22/02/2019,Deepak,Madhya Pradesh,Bhopal,,
B-25864,15-11-2018,Aromal,Maharastra,mumbai,,
B-26028,02/20/2019,Manju,Andhra Pradesh,Hyderabad,,
B-25967,21-01-2019,Komal,Uttar Pradesh,ALLAHABAD,,
0B-25692,06/17/2018,Rashmi,madhya pradesh,Indore,,
B-25940,06-01-2019,Vivek,Goa,Goa,,
0B-26082,23-03-2019,Jitesh,Uttar Pradesh,Lucknow,,
0B-25653,08-05-2018,Farah,Nagaland,Kohima,,
B-25946,12/01/2019,Saurabh,Andhra Pradesh,Hyderabad,,Sneha
B-25865,2018-11-15,  Arun  ,Madhya Pradesh,INDORE,,
B-25842,02-11-2018,Sheetal,MP,Indore,,
0B-25614,13-04-2018,Vandana,Himachal Pradesh,Simla,,
B-25916,20/12/2018,Utkarsh,Gujarat,Surat,,Amit
B-25689,2018-06-14,  Bhaggyasree  ,Maharashtra,Mumbai,,
B-25988,31-01-2019,Nirja,Delhi,Delhi,,
0B-25874,11/24/2018,Megha,Rajasthan,Udaipur,,
B-25767,31-08-2018,Ashmeet,West Bengal,Kolkata,,
B-25929,02-01-2019,  Girase  ,Kerala ,Thiruvananthapuram,,
B-25775,08-09-2018,Duhita,Haryana,CHANDIGARH,VIP,
B-25735,30-07-2018,Arindam,Uttar Pradesh,Lucknow,,
B-25907 ,11-12-2018,Jaydeep,MadhyaPradesh,BHOPAL,,
B-26089,26-03-2019,  Kanak  ,Goa,goa,,
B-25920,2018-12-24,Jayanti,Uttar Pradesh,Allahabad,,
B-25844,03-11-2018,Swati,Madhya Pradesh,Indore,,
B-25655,11-05-2018,Nida,Madhya Pradesh,INDORE,,
B-25964,2019-01-20,Oshin,MP,Indore,,
B-25651,07/05/2018,Anurag,Madhya Pradesh,Indore,,
B-26098,03/29/2019,Pinky,JammuKashmir,kashmir,,
B-25775,08-09-2018,Duhita,Haryana,CHANDIGARH,,
B-26046,04/03/2019,Nishi,Maharashtra,Mumbai,,
B-25790,09/23/2018,Sajal,Bihar,Patna,,
B-26022 ,18-02-2019,Shrichand,Punjab,Chandigarh,,
B-26064,16-03-2019,Ankita,Maharashtra,Mumbai,,
B-25788 ,2018-09-21,Dinesh,Tamil Nadu,Chennai,,
0B-25770,02-09-2018,Sakshi,Madhya Pradesh,Indore,,
B-25659,15-05-2018,Sanskriti,WestBengal,Kolkata,,
B-25649,05-05-2018,  Rachna  ,haryana,CHANDIGARH,,
B-25945,11-01-2019,  Mhatre  ,Madhya Pradesh,indore,,
B-25836,29/10/2018,Arti,,Pune,,
B-25853,11/08/2018,Gaurav,Gujarat,AHMEDABAD,,
B-25622,04/22/2018,Monisha,RAJASTHAN,Jaipur,,
B-25914,18-12-2018,Kajal,Delhi,Delhi,,
B-26060 ,13-03-2019,Chirag,Maharashtra,Mumbai,,
B-25761,25/08/2018,  Surabhi  ,Maharashtra,Mumbai,Pending,
B-25877,24-11-2018,Dashyam,Gujarat,SURAT,,
B-26044,02-03-2019,Sanjay,Goa,goa,,
B-25792,24-09-2018,Abhishek,Maharashtra,mumbai,,
B-25986,31/01/2019,Shweta,Rajasthan,Udaipur,,
B-25894,04-12-2018,Monu,Punjab,Amritsar,,
B-26014,02/13/2019,Divsha,Rajasthan,Jaipur,,
B-25944,01/10/2019,Syed,Maharashtra,Pune,,
B-25858,13-11-2018,Swapnil,Maharastra,Mumbai,,
B-25909,12/13/2018,Sujay,Madhya Pradesh,delhi,,
B-25750,14-08-2018,Priyanshu,Madhya Pradesh,Indore,,
0B-25731,26/07/2018,Akash,West Bengal,Kolkata,,
B-25752,14-08-2018,Vaibhav,Madhya Pradesh,Indore,,
B-25960,18-01-2019,Shreya,Andhra Pradesh,Hyderabad,,
B-25700,2018-06-25,Shubhi,Maharashtra,Mumbai,,
B-25973,24-01-2019,Seema,Uttar Pradesh,ALLAHABAD,,
B-25688,11-06-2018,Swetha,Madhya Pradesh,Indore,,
B-26059,12-03-2019,Rachna,Haryana,Chandigarh,,
B-25931,04/01/2019,Sidharth,Maharashtra,MUMBAI,,Amit
B-25815,10-10-2018,Harsh,Nagaland,Kohima,,
B-26067,16-03-2019,Tulika,Madhya Pradesh,Bhopal,,
B-25722,2018-07-17,Inderpreet,HimachalPradesh,Simla,,
0B-25822 ,18-10-2018,Tejas,Karnataka,Bangalore,,
B-25621,20/04/2018,Deepak,Madhya Pradesh,bhopal,Pending,
B-25789,22-09-2018,Akshay,Uttar Pradesh,Lucknow,,
B-25672,28-05-2018,Akanksha,Andhra Pradesh,Hyderabad,,
B-25707,01-07-2018,Shivani,Maharashtra,Mumbai,,
B-25871,21/11/2018,Gunjal,GUJARAT,SURAT,,Priya
B-25949,13-01-2019,Shantanu,Maharashtra,MUMBAI,,
B-26036,23/02/2019,Bhishm,Maharashtra,Mumbai,,Amit
B-25703 ,28-06-2018,Ekta,Madhya Pradesh,INDORE,,
